#OTU ID	C1	C10	C11	C12	C13	C14	C15	C2	C3	C4	C5	C6	C7	C8	C9	I1	I10	I11	I12	I13	I14	I2	I3	I4	I5	I6	I7	I8	I9
d__Bacteria;p__Bacillota;c__Clostridia;o__Lachnospirales;f__Lachnospiraceae;g__Blautia	0.07601328903654485	0.047159757007353725	0.05999001678994419	0.017340363210310485	0.028334147532975085	0.046434081520927685	0.15080536087544572	0.08432668783509448	0.057957279288474155	0.14679218967921898	0.08772965879265092	0.10208556422415992	0.030160364866853022	0.050452270132607356	0.03640328008721619	0.0910472183263207	0.04548125514161476	0.11869345192455145	0.10582659148484105	0.05642605240837462	0.051769217360990064	0.10429322578998418	0.05913520673668275	0.08002278228677204	0.06818046721749985	0.11500811648384082	0.11175616835994194	0.020525764358510334	0.1423722537645026
d__Bacteria;p__Actinomycetota;c__Coriobacteriia;o__Coriobacteriales;f__Coriobacteriaceae;g__Collinsella	0.0017718715393133999	0.03213258019823084	0.01288741661750692	0.0	0.0	0.021997710645498433	0.03405877290052871	0.016865337567018895	0.023037107239192244	0.013249651324965132	0.05426509186351706	0.018459028096476468	0.030160364866853022	0.01651005532624923	0.015120633265393185	0.020453482935951377	0.048301798096133504	0.0	0.03383182152488355	0.03111468238025088	0.004880599616524316	0.011996528664046149	0.021619831582931213	0.01841568180739475	0.02544136004279855	0.02454621476708151	0.020740671379746244	9.524716639679969e-05	0.027092076030609726
d__Bacteria;p__Bacillota;c__Clostridia;o__Oscillospirales;f__Ruminococcaceae;g__Faecalibacterium	0.012270210409745293	0.003676862410742833	0.042791668557426145	0.08687756297598126	0.03057319654779352	0.06285771164086995	0.05545309233984999	0.09010462755712872	0.06094627105052125	0.0009065550906555091	0.042979002624671914	0.07373412880526235	0.03702613898288461	0.04816896460876438	0.023083850784471727	0.048094904160822814	0.05476554236690563	0.035066196391146554	0.08842036446841546	0.029195125217624213	0.001481610597873453	0.00010209811628975445	0.04891664301258397	0.017324030566234754	0.10877964691196576	0.04943676521225835	0.07439486867362705	0.048576054862367844	0.049740804739570474
d__Bacteria;p__Bacillota;c__Clostridia;o__Peptostreptococcales-Tissierellales;f__Peptostreptococcaceae;g__Romboutsia	0.007486157253599114	0.02477885537674518	0.0	0.00632688927943761	0.023041849861586063	0.0	0.016168695438337637	0.016865337567018895	0.011372749143398702	0.0009762900976290098	0.0	0.0	0.005100289343337747	0.02603846491613243	0.02749206048253306	0.030563347358578775	0.0	0.0	0.004821443164174225	0.003571269139770546	0.11356109464877114	0.03930777477155546	0.0	0.013859224452987802	0.03655709445402128	0.00964139898666929	0.0	0.022954567101628725	0.011416934090348062
d__Bacteria;p__Bacillota;c__Clostridia;o__Clostridiales;f__Clostridiaceae;g__Clostridium	0.033975636766334444	0.022860492379835874	0.006171438943594863	0.020210896309314587	0.02344894968246214	0.0002986114567262231	0.008545432189843846	0.04403727031388267	0.03120215790624772	0.0801952580195258	0.027296587926509186	0.013053898322370099	0.01186798097199745	0.014885395626591727	0.00981182158600749	0.030563347358578775	0.012692443295334352	0.004804989009865562	0.007845060063741112	0.034105620284808714	0.13569810005229213	0.04905814487722702	0.004588892042766582	0.01044188143718259	0.05135825952564941	0.05233902307049043	0.015637436209560374	0.02514525192875512	0.03449765490002468
d__Bacteria;p__Bacillota;c__Clostridia;o__Lachnospirales;f__Lachnospiraceae;g__Anaerobutyricum	0.0	0.02302035596291165	0.021463901620002723	0.014411247803163444	0.01982576127666504	0.01040163240929677	0.03768597073650559	0.027223986257873093	0.0	0.05	0.03615485564304462	0.016827290806180204	0.02363787945662302	0.026828839905155	0.023178650993032186	0.01443431510051426	0.015983076742272888	0.04646526606348719	0.011032115714635941	0.04397125128342485	0.08933240369531113	0.05150849966818112	0.07209764405336361	0.05975603967914946	0.03465493669381204	0.02612032072408874	0.02294114893019336	0.0	0.05023450999753147
d__Bacteria;p__Pseudomonadota;c__Gammaproteobacteria;o__Enterobacterales;f__Enterobacteriaceae;g__Escherichia-Shigella	0.01621262458471761	0.016732388361931153	0.012342877887189727	0.0	0.0	0.015229184293037375	0.0	0.0	0.018954581905664503	0.0	0.0	0.0007138850645046148	0.009121671325584817	0.0	0.015736834621036165	0.0	0.07180632271712305	0.009712211828451668	0.011440712592955789	0.0	0.0005229213874847481	0.005717494512226249	0.0	0.0	0.0	0.0	0.014373332084835433	0.015049052290694353	0.0
d__Bacteria;p__Bacillota;c__Clostridia;o__Lachnospirales;f__Lachnospiraceae;g__Fusicatenibacter	0.0033665559246954598	0.025151870403921986	0.030721060035395018	0.0	0.01608044292460511	0.0	0.028033935817041684	0.03133621362760918	0.0	0.01394700139470014	0.0	0.018612003467441744	0.0	0.010011416527619214	0.0	0.027115474520804116	0.0	0.02264478863160047	0.015526681376154287	0.0	0.0	0.003777630302720915	0.05639133314410067	0.022687360577151264	0.023301432562563156	0.0	0.018493375158013015	0.0	0.013453468279437176
d__Bacteria;p__Bacillota;c__Clostridia;o__Peptostreptococcales-Tissierellales;f__Peptostreptococcaceae;g__Intestinibacter	0.010808416389811738	0.029361611424917403	0.012206743204610428	0.0	0.01848233186777398	0.0	0.0	0.025766487949612202	0.028067361668003207	0.009344490934449093	0.0016404199475065617	0.0037733924838101065	0.014172919425236625	0.0234477913410029	0.01625823576811869	0.0	0.0	0.0	0.008335376317724933	0.008481764206955046	0.016297716576607984	0.0	0.023606774529283753	0.016849399591817363	0.023182547702550082	0.028186334792660733	0.016246078936279787	0.02104962377369273	0.01073808936065169
d__Bacteria;p__Bacillota;c__Clostridia;o__Oscillospirales;f__Ruminococcaceae;__	0.024363233665559248	0.009058936374293936	0.06579842991332759	0.010837727006444054	0.03724963361016121	0.02080326481859354	0.013894012049674167	0.04554682213315288	0.010497922286214188	0.015899581589958158	0.015026246719160105	0.02911631227372393	0.0013241135795203766	0.047642047949416004	0.022894250367350807	0.015603085553997195	0.0	0.02162245054439503	0.00016343875132793985	0.007856792107495202	0.002788914066585323	0.012966460768798815	0.025688333806414988	0.043998291328492097	0.06253343636687868	0.014363716857690983	0.0002809120277166534	0.014620440041908753	0.038447296963712664
d__Bacteria;p__Bacillota;c__Clostridia;o__Lachnospirales;f__Lachnospiraceae;g__Agathobacter	0.017718715393133997	0.0	0.015700866724145755	0.013884007029876978	0.0	0.006071766286766536	0.02250092216894135	0.0	0.0	0.02210599721059972	0.0	0.0	0.0	0.013304645648546588	0.024742854434279756	0.0	0.03984016923257727	0.0021469099831314216	0.003922530031870556	0.013079773224409624	0.004096217535297194	0.0	0.0	0.0	0.02853236640313856	0.004919081115647597	0.019289292569876867	0.0	0.02011848926191064
d__Bacteria;p__Bacillota;c__Clostridia;o__Lachnospirales;f__Lachnospiraceae;g__Lachnospiraceae_ND3007_group	0.013510520487264673	0.0016519236917830118	0.00980169714570949	0.0	0.0029718286923953756	0.0	0.029878273699741793	0.0	0.013997229714952248	0.0	0.03832020997375328	0.02906532048340217	0.018782796331714972	0.003424958285764468	0.01621083566383846	0.0001753155680224404	0.0032906334469385355	0.008383172315084599	0.004085968783198496	0.005222981116914423	0.0	0.0	0.016037468066988362	0.012055626750201718	0.02633299649289663	0.024988932067489793	0.01882110585701578	0.02495475759596152	0.011663786719328561
d__Bacteria;p__Bacillota;c__Clostridia;o__Lachnospirales;f__Lachnospiraceae;g__Dorea	0.016168327796234772	0.016412661195779603	0.0	0.034212067955477446	0.011480214948705422	0.0055243119494351265	0.011250461084470675	0.0	0.04272071152584384	0.011297071129707114	0.014566929133858268	0.035235327112334916	0.009514001275072336	0.007289013787652586	0.033037872683319904	0.03956287985039738	0.03173110823833588	0.01027449777641466	0.06284219988559288	0.06272041426722022	0.0	0.06095257542498341	0.02724950326426341	0.03346148369642603	0.018129941151994292	0.020168232574155148	0.029870312280537478	0.003809886655871988	0.06541594667983214
d__Bacteria;p__Bacteroidota;c__Bacteroidia;o__Bacteroidales;f__Prevotellaceae;g__Incertae_Sedis	0.012314507198228129	0.0	0.013386577120297682	0.0	0.0	0.017767381675210272	0.0	0.0	0.024713858715462566	0.0	0.005249343832020997	0.017745143031971854	0.028934333774704526	0.02410643716518837	0.010143622315969094	0.03225806451612903	0.0	0.03869549660072586	0.05009397728201356	0.01174054729699567	0.0	0.0009699321047526673	0.0	0.0012340405334852153	0.0	0.006985095184219588	0.03183669647455405	0.0018573197447375941	0.0
d__Bacteria;p__Actinomycetota;c__Actinobacteria;o__Bifidobacteriales;f__Bifidobacteriaceae;g__Bifidobacterium	0.0	0.000479590749227326	0.0	0.0009958992384299942	0.0	0.0	0.015984261650067624	0.012076414554161679	0.02930669971568127	0.022663877266387727	0.0	0.0	0.002452062184296994	0.0003951874945112848	0.020713845570460254	0.007363253856942496	0.15371959102127158	0.0	0.017733104519081475	0.0	0.0	0.02634131400275665	0.0	0.0	0.029840099863282413	0.0014265335235378032	0.0	0.0	0.009318686744013824
d__Bacteria;p__Bacillota;c__Clostridia;o__Oscillospirales;f__Oscillospiraceae;g__UCG-002	0.050188261351052046	0.034210806778215926	0.04433452829332486	0.016695957820738138	0.010462465396515226	0.06494799183795352	0.0	0.011035344333975327	0.0002916089523948385	0.0	0.0979002624671916	0.0	0.004413711931734589	0.028102221831913587	0.06280513817130398	0.007246376811594203	0.0	0.04758983795941318	0.005638636920813925	0.031248604972992276	0.0	0.004900709581908214	0.003973885892705081	0.022734823674593004	0.0	0.06330857395838457	0.0017322908375860292	0.029193256500619106	0.0
d__Bacteria;p__Bacillota;c__Clostridia;o__Lachnospirales;f__Lachnospiraceae;g__Anaerostipes	0.0047397563676633446	0.0	0.00018151291010573128	0.0	0.00789773652499593	0.0	0.01856633468584778	0.05996564468273385	0.0006561201428883867	0.013249651324965132	0.01909448818897638	0.0039773596450971395	0.005296454318081506	0.01154825678405199	0.0	0.002045348293595138	0.03020331413797156	0.009303276593569493	0.0	0.0036159100040176776	0.0	0.008576241768339375	0.025924874633361718	0.0051260145237078175	0.006598109730725792	0.004230409759456933	0.009082822229505126	0.0036670159062767885	0.031720562823994075
d__Bacteria;p__Bacillota;c__Clostridia;o__Oscillospirales;f__Ruminococcaceae;g__Gemmiger	0.0029678848283499447	0.0017052115528082702	0.010981531061396741	0.01124780316344464	0.023326819736199315	0.019310207534962424	0.0	0.025506220394565612	0.006415396952686447	0.044421199442119946	0.0	0.036561113660700625	0.029915158648423323	0.0	0.006683414703512348	0.040790088826554466	0.029968268891761664	0.029852272146398816	0.029092097736373293	0.03624838176867104	0.0	0.016897238245954363	0.02005866212508279	0.042669324600123404	0.041669143434583604	0.01195336711102366	0.007116438035488553	0.0	0.05899777832633918
d__Bacteria;p__Bacteroidota;c__Bacteroidia;o__Bacteroidales;f__Prevotellaceae;g__Segatella	0.059490586932447395	0.0010657572205051689	0.08594636293506376	0.11704745166959578	0.025077348965966455	0.029363459911411934	0.033812861182835365	0.0	0.0885762192899322	0.0	0.03622047244094488	0.06521849982152873	0.06448923544701093	0.07469043646263283	0.01805943973076741	0.12050023375409069	0.039605123986367376	0.06629862495527271	0.05115632916564517	0.06463997142984688	0.0	0.004032875593445301	0.020011353959693442	0.028335469172718213	0.03203946977352434	0.029465295882729108	0.08530361908329041	0.04714734736641585	0.07473463342384597
d__Bacteria;p__Actinomycetota;c__Coriobacteriia;o__Coriobacteriales;f__Eggerthellaceae;g__Incertae_Sedis	0.0031007751937984496	0.0012789086646062028	0.0	0.0018746338605741067	0.006513597134017261	0.0	0.0	0.0	0.022089378143909016	0.0198047419804742	0.0	0.0	0.008042763964494139	0.008562395714411171	0.003792008342418353	0.012681159420289856	0.0	0.0	0.0007354743809757293	0.008035355564483728	0.012550113299633955	0.018224513757721172	0.016889015043996595	0.014238929232521715	0.0	0.00014757243346942792	0.013671052015543798	0.007381655395751976	0.0
d__Bacteria;p__Bacillota;c__Clostridia;o__Lachnospirales;f__Lachnospiraceae;g__Roseburia	0.0	0.007087285516359373	0.00045378227526432816	0.005155243116578793	0.01974434131248982	0.02045488478574628	0.04432558711422599	0.026287023059705376	0.029233797477582563	0.008437935843793584	0.0	0.02095762582224262	0.0077485165023785	0.0	0.0	0.00292192613370734	0.0	0.0	0.0	0.0	0.0	0.0	0.01693632320938594	0.0	0.041669143434583604	0.0	0.014560606769979868	0.015049052290694353	0.05720809676623056
d__Bacteria;p__Bacillota;c__Clostridia;o__Peptostreptococcales-Tissierellales;f__Peptostreptococcaceae;g__Terrisporobacter	0.012270210409745293	0.0030374080784397314	0.0	0.0	0.01840091190359876	0.0	0.0	0.02514184581750039	0.01159145585769483	0.03298465829846583	0.0	0.006322981999898016	0.005688784267569026	0.0	0.01777503910508603	0.0	0.023857092490304384	0.0	0.018468578900057205	0.0	0.0	0.0	0.0	0.005268403816033034	0.0	0.004574745437552265	0.0	0.0	0.0
d__Bacteria;p__Actinomycetota;c__Coriobacteriia;o__Coriobacteriales;f__Eggerthellaceae;g__Senegalimassilia	0.023610188261351053	0.0192369178301183	0.02427735172664156	0.023140011716461628	0.015673343103729035	0.0	0.0	0.013377752329394617	0.0257344900488445	0.03152022315202232	0.003805774278215223	0.008566620774055378	0.014516208131038204	0.00013172916483709493	0.028155661942456275	0.02320009350163628	0.010106945587025502	0.0	0.0567949660864591	0.021115128788893354	0.01673348439951194	0.03522385011996529	0.010738953543381587	0.017229104371351275	0.0	0.018348172561365537	0.029074394868673626	0.010620059053243166	0.02357442606763762
d__Bacteria;p__Bacillota;c__Bacilli;o__Lactobacillales;f__Streptococcaceae;g__Streptococcus	0.0	0.0005328786102525844	9.075645505286564e-05	0.00023432923257176333	0.0003663898387884709	0.0	0.050104512480019674	0.0008328561761490813	0.0666326456222206	0.035913528591352856	0.005643044619422572	0.007954719290194279	0.0029424746211563924	0.005269166593483797	0.0	0.040439457690509585	0.06675284992361029	0.03271481879057404	0.017079349513769715	0.00026784518548279097	0.008018127941432805	0.0	0.0	0.0	0.02865125126315164	9.838162231295194e-05	0.03300716325670677	0.0	0.03017773389286596
d__Bacteria;p__Bacillota;c__Clostridia;o__Lachnospirales;f__Lachnospiraceae;g__[Ruminococcus]_gauvreauii_group	0.009878183831672204	0.0	0.0	0.01698886936145284	0.027560657873310537	0.0	0.021824664945284643	0.0	0.0	0.0	0.01673228346456693	0.03370557340268217	0.021529105978127606	0.011592166505664353	0.0	0.020570359981299673	0.0	0.020242294126667688	0.010868676963308	0.020490156689433506	0.03015513334495381	0.041656031446219814	0.01182704134733655	0.019222554463904314	0.0	0.0	0.013296502645254928	0.0	0.0
d__Bacteria;p__Bacillota;c__Clostridia;o__Clostridiales;f__Clostridiaceae;g__Sarcina	0.0	0.0	0.0	0.008670181605155243	0.03501058459534278	0.028417856965112228	0.0	0.0	0.0	0.0	0.0	0.011371169241752077	0.0	0.0	0.00018960041712091767	0.0	0.0	0.0	0.01176759009561167	0.024061425829204054	0.0	0.00755526060544183	0.0	0.032749537234799946	0.0	0.0	0.0	0.0	0.0
d__Bacteria;p__Bacillota;c__Clostridia;o__Lachnospirales;f__Lachnospiraceae;g__Coprococcus	0.009346622369878184	0.0031439838004902482	0.03330761900440169	0.03251318101933216	0.003216088584921023	0.014134275618374558	0.01936554776835116	0.017750247254177294	0.01181016257199096	0.05292887029288703	0.012729658792650918	0.01019835806435164	0.023834044431366778	0.0045666110476859575	0.01943404275489406	0.0182328190743338	0.0	0.03941113326176967	0.06267876113426493	0.028971920896388555	0.0	0.01807136658328654	0.028432207398997066	0.0398690018510608	0.01515781965166736	0.0	0.01409242005711878	0.01547766453947995	0.0
d__Bacteria;p__Bacillota;c__Clostridia;o__Lachnospirales;f__Lachnospiraceae;__	0.09390919158361019	0.05520622402216775	0.05994463856241775	0.11195079086115993	0.07576127666503826	0.07982879609814363	0.06817902373048075	0.058976627973556815	0.06167529343150835	0.0801952580195258	0.05610236220472441	0.11223293049818979	0.09842577607768133	0.1075788179502942	0.05564772242498933	0.035121552127162226	0.018568574450581736	0.09303276593569493	0.0116858707199477	0.07205035489487076	0.16158270873278718	0.09719740670784624	0.07872078720787208	0.03455313493758603	0.05658919336622481	0.06793251020709332	0.09134322767919846	0.04786170111439185	0.05992347568501605
d__Bacteria;p__Bacillota;c__Bacilli;o__Erysipelotrichales;f__Erysipelotrichaceae;g__Holdemanella	0.0	0.007033997655334115	0.0016336161909515814	0.01341534856473345	0.004437388047549259	0.0013437515552680037	0.0	0.0	0.0	0.01701534170153417	0.0	0.003722400693488348	0.018488548869599334	0.011196979011153069	0.02607005735412618	0.0007012622720897616	0.055588200728640264	0.0	0.013892293862874888	0.02200794607383599	0.0010458427749694963	0.019449691153198223	0.022660611221496832	0.031847738383406904	0.0	0.003492547592109794	0.007865536776066296	0.0	0.0
d__Bacteria;p__Bacteroidota;c__Bacteroidia;o__Bacteroidales;f__Bacteroidaceae;g__Bacteroides	0.027995570321151717	0.012149632313758926	0.009847075373235922	0.05067369654364382	0.07482494707702328	0.09401284029263923	0.032706258453215294	0.11769298839206704	0.013851425238754829	0.004114365411436541	0.0001968503937007874	0.009127530467594716	0.017311559021136777	0.016158777553350313	0.007915817414798312	0.0012272089761570827	0.0	0.027296426928385218	0.031707117757620334	0.005580108030891478	0.003660449712393237	0.0	0.11060649068029142	0.0023731548720869523	0.008678594780954646	0.007280240051158443	0.003979587059319257	0.026764453757500715	0.008763268328807701
d__Bacteria;p__Bacillota;c__Clostridia;o__Lachnospirales;f__Lachnospiraceae;g__Marvinbryantia	0.0	0.0	0.0	0.0	0.0	0.0	0.0	0.0	0.0	0.014644351464435146	0.011811023622047244	0.013512824435265922	0.007209062821833162	0.020242381663300255	0.0	0.0	0.0	0.004600521392424475	0.005802075672141865	0.0	0.03416419731567021	0.0091888304660779	0.012063582174283282	0.0	0.0	0.018003836883270206	0.0	0.0	0.0
d__Bacteria;p__Bacillota;c__Negativicutes;o__Veillonellales-Selenomonadales;f__Veillonellaceae;g__Dialister	0.0	0.006128104017904722	0.0	0.013298183948447569	0.005902947402703143	0.0	0.0	0.008484722294518765	0.0	0.0014644351464435147	0.0037401574803149606	0.0	0.0	0.01835426363396856	0.0	0.016830294530154277	0.041132918086731696	0.033788273782139756	0.0003268775026558797	0.007053256551046828	0.0	0.003113992546837511	0.0	0.0	0.0	0.01770869201633135	0.0	0.017287360701019144	0.0
d__Bacteria;p__Bacillota;c__Clostridia;o__Lachnospirales;f__Lachnospiraceae;g__Mediterraneibacter	0.006998892580287929	0.0049557710753490355	0.0	0.0	0.009281875915974597	0.024834519484397553	0.0014139923767367516	0.005309458122950393	0.0	0.02391910739191074	0.0	0.0	0.006865774116031583	0.029156055150610344	0.0	0.0012272089761570827	0.00716888000940181	0.024127178858048357	0.0	0.0029016561760635685	0.0	0.00459441523303895	0.004068502223483773	0.0	0.0	0.0	0.0	0.0	0.028449765490002468
d__Bacteria;p__Bacillota;c__Clostridia;o__Oscillospirales;f__Oscillospiraceae;g__UCG-005	0.04186046511627907	0.030001065757220505	0.015337840903934292	0.020152314001171647	0.019133691581175703	0.03314587169661076	0.0017828599532767736	0.021446046535838842	0.00386381861923161	0.008716875871687587	0.02473753280839895	0.021161592983529653	0.02309842577607768	0.022876964960042153	0.017538038583684884	0.01443431510051426	0.0	0.017942033430455452	0.009316008825692572	0.0305789920092853	0.014728952414153739	0.019807034560212364	0.0029331062541394647	0.004129289477431297	0.0	0.02164395690884943	0.005665059225619177	0.05995809124678541	0.0
d__Bacteria;p__Bacillota;c__Clostridia;o__Lachnospirales;f__Lachnospiraceae;g__[Eubacterium]_eligens_group	0.0026135105204872647	0.005701801129702653	0.005944547805962699	0.0	0.008671226184660479	0.0	0.029202016476085085	0.00624642132111811	0.008237952905154187	0.006903765690376569	0.01620734908136483	0.023609198918974044	0.0	0.0	0.004313409489500877	0.006194483403459561	0.0	0.0031181311659765885	0.0	0.004910495067184501	0.0	0.010414007861554954	0.00832623710852493	0.01395415064787128	0.0	0.0	0.019991572639168502	0.007476902562148776	0.011231794618612689
d__Bacteria;p__Bacillota;c__Bacilli;o__Erysipelotrichales;f__Erysipelatoclostridiaceae;g__Catenibacterium	0.0	0.00021315144410103377	0.016563053047147978	0.00011716461628588167	0.0	0.0	0.0	0.0	0.0	0.0	0.00931758530183727	0.0	0.0005394536805453387	0.0	0.01715883774944305	0.009408602150537635	0.0	0.015999591064765117	0.0	0.009419222356144815	0.0	0.005360151105212109	0.0	0.01699178888414258	0.0	0.0	0.0011236481108666135	0.005952947899799981	0.0
d__Bacteria;p__Bacillota;c__Clostridia;o__Clostridia_UCG-014;f__Incertae_Sedis;g__Incertae_Sedis	0.007663344407530454	0.06218693381647661	0.0023596678313745063	0.022437024018746338	0.010706725289040873	0.0	0.0	0.0	0.0	0.009693165969316598	0.013517060367454068	0.002804548467696701	0.01986170369280565	0.019364187231052956	0.0012324027112859649	0.0	0.0	0.0	0.004412846285854376	0.001785634569885273	0.0	0.04941548828424116	0.0010880878039549627	0.018700460392045187	0.00029721215003269334	0.0481086133110335	0.001872746851444356	0.0017620725783407945	0.0
d__Bacteria;p__Bacillota;c__Clostridia;o__Oscillospirales;f__Butyricicoccaceae;g__Agathobaculum	0.0038981173864894793	0.0	0.005309252620592639	0.018804920913884006	0.0	0.006768526352461056	0.03565719906553547	0.0060382072770808395	0.009477290952832252	0.018270571827057182	0.00452755905511811	0.01631737290296262	0.005835907998626845	0.010450513743742864	0.01730103806228374	0.0	0.02961570102244682	0.026018504319378417	0.0	0.020177670639703583	0.0	0.0	0.0	0.0066448336418434666	0.024609166022707008	0.0	0.02598436256379044	0.004571863987046385	0.02067390767711676
d__Bacteria;p__Bacillota;c__Bacilli;o__Erysipelotrichales;f__Erysipelotrichaceae;g__Turicibacter	8.859357696567e-05	0.00010657572205051689	0.002813450106638835	0.00562390158172232	0.013963523856049504	0.0	0.0	0.011555879444068502	0.0	0.015481171548117154	0.0	0.0	0.012260310921484968	0.0	0.0	0.0012856474988312296	0.008461628863556234	0.0	0.013647135735882977	0.006785411365564037	0.03137528324908489	0.003420286895706774	0.0	0.0006170202667426076	0.020685965642275456	0.00039352648925180774	0.0029963949623109695	0.00933422230688637	0.0
d__Bacteria;p__Bacillota;c__Negativicutes;o__Acidaminococcales;f__Acidaminococcaceae;g__Phascolarctobacterium	0.000132890365448505	0.0	0.018332803920678858	0.0	0.0	0.023391230776887473	0.012664453461207427	0.0	0.007363126047969673	0.0	0.0	0.0	0.011475651022509931	0.00013172916483709493	0.01218182680001896	0.00292192613370734	0.0	0.0	0.0	0.0	0.0	0.0	0.0	0.0	0.0	0.0	0.01109602509480781	0.023335555767215924	0.0
d__Bacteria;p__Bacillota;c__Clostridia;o__Oscillospirales;f__Oscillospiraceae;g__Intestinimonas	0.008150609080841639	0.014281146754769264	0.005808413123383401	0.006678383128295255	0.0044780980296368665	0.011894689692927885	0.0	0.000989016709177034	0.0032806007144419334	0.003277545327754533	0.008398950131233596	0.006577940951506807	0.0018145260163797755	0.005708263809607447	0.01540503389107456	0.004032258064516129	0.0	0.0010223380872054389	0.005883795047805835	0.012633364581938306	0.0	0.004083924651590179	0.00473081653893462	0.012245479139968674	0.0	0.0035909292144227457	0.0040264057306053655	0.004333746071054386	0.0
d__Bacteria;p__Bacillota;c__Clostridia;o__Lachnospirales;f__Lachnospiraceae;g__Lachnospira	0.0	0.0	0.0	0.0	0.0	0.0	0.03854666174843231	0.0	0.0121017715243858	0.0	0.0	0.0	0.0	0.004083604109949943	0.0019434042754894062	0.0	0.0	0.0	0.0	0.0	0.0	0.0	0.0	0.024823199962029523	0.01343398918147774	0.0	0.008005992789924622	0.0	0.0
d__Bacteria;p__Bacteroidota;c__Bacteroidia;o__Bacteroidales;f__Tannerellaceae;g__Parabacteroides	0.03087486157253599	0.03511670041564532	0.005400009075645505	0.025600468658465145	0.015144113336590131	0.047728064500074656	0.00018443378827001107	0.03144032064962782	0.004592841000218706	0.0	0.0058398950131233595	0.0020396716128703277	0.0001961649747437595	0.012997277597260033	0.01469403232687112	0.0022206638616175784	0.0	0.0029647804528957727	0.001144071259295579	0.0	0.001220149904131079	0.0	0.007947771785410162	0.00042716787697565144	0.015752243951732747	0.0010821978454424713	0.0	0.003809886655871988	0.0
d__Bacteria;p__Bacillota;c__Clostridia;o__Oscillospirales;f__[Eubacterium]_coprostanoligenes_group;g__Incertae_Sedis	0.02485049833887043	0.058883086432910584	0.04442528474837773	0.023550087873462213	0.01074743527112848	0.028816005574080525	0.002397639247510144	0.00879704336057467	0.008894073048042576	0.005160390516039052	0.03425196850393701	0.006577940951506807	0.013927713206806925	0.021779221919733027	0.064464141821112	0.0036231884057971015	0.0	0.019117722230741707	0.017487946392089563	0.013481541002633811	0.0	0.012251773954770534	0.02478947866401741	0.016232379325074753	0.01069963740117696	0.024251069900142655	0.01320286530268271	0.050385751023907036	0.004011355220933103
d__Bacteria;p__Bacillota;c__Clostridia;o__Lachnospirales;f__Lachnospiraceae;g__[Eubacterium]_ruminantium_group	0.014219269102990033	0.005328786102525845	0.013931115850614875	0.004803749267721149	0.0	0.0	0.008176564613303823	0.0	0.0	0.003486750348675035	0.0	0.02518994441894855	0.018292383894855574	0.0	0.0012324027112859649	0.002805049088359046	0.0	0.0	0.0	0.003794473461006205	0.0	0.0	0.0	0.013099814893919978	0.0	0.0	0.0	0.0020001904943327937	0.0
d__Bacteria;p__Bacillota;c__Clostridia;o__Oscillospirales;f__Ruminococcaceae;g__Ruminococcus	0.014662236987818383	0.02813599062133646	0.027272314743386122	0.022905682483889866	0.02861911740758834	0.03891902652665107	0.029140538546661748	0.002602675550465879	0.035211781001676754	0.020502092050209204	0.0040026246719160104	0.023915149660904595	0.054288656760335445	0.03389830508474576	0.03488647675024885	0.0036231884057971015	0.004230814431778117	0.013290395133670705	0.05589605295415543	0.004821213338690237	0.0	0.019398642095053348	0.018024411013340902	0.019744648535763444	0.011769601141294656	0.01893846229524325	0.026639823961795966	0.011477283550814362	0.004196494692668477
d__Bacteria;p__Bacillota;c__Clostridia;o__Oscillospirales;f__Ruminococcaceae;g__CAG-352	0.0	0.0028242566343386977	0.0	0.01265377855887522	0.0	0.0	0.0	0.0	0.0	0.0	0.011876640419947506	0.007852735709550761	0.0	0.021340124703609378	0.0	0.0	0.0	0.0	0.0	0.0	0.0	0.016488845780795344	0.0	0.0	0.013671758901503893	0.006443996261498352	0.0052436911840441965	0.0	0.015860281411997038
d__Bacteria;p__Pseudomonadota;c__Gammaproteobacteria;o__Enterobacterales;f__Succinivibrionaceae;g__Succinivibrio	0.0	0.00618139187892998	0.0013159685982665518	0.004628002343292326	0.0	0.0	0.0	0.0	0.0	0.0	0.000984251968503937	0.0	0.010298661174047374	0.0	0.006304213869270513	0.005493221131369799	0.0	0.0	0.0	0.0006249720994598455	0.0	0.0	0.0	0.0	0.0	0.019479561217964483	0.0	0.03771787789313268	0.0
d__Bacteria;p__Bacillota;c__Clostridia;o__Lachnospirales;f__Lachnospiraceae;g__Hungatella	0.0	0.024938718959820954	0.0	0.0	0.0	0.0	0.0	0.0	0.0	0.0	0.0	0.0	0.0	0.0	0.0	0.0	0.0	0.0	0.0	0.0	0.0	0.0	0.0	0.0	0.0	0.0	0.0	0.0	0.0
d__Bacteria;p__Bacteroidota;c__Bacteroidia;o__Bacteroidales;f__Prevotellaceae;g__Leyella	0.01107419712070875	0.00015986358307577535	0.02250760085311068	0.07047451669595782	0.0	0.02523266809336585	0.0	0.0	0.025151272144054822	0.0	0.0015748031496062992	0.009790423741777575	0.0002452062184296994	0.0	0.008010617623358772	0.016012155212716223	0.0	0.0	0.03268775026558797	0.018972367305031025	0.0	0.0006125886977385267	0.0	0.008116189662537377	0.0	0.0	0.0027154829345943164	0.002809791408705591	0.0
d__Bacteria;p__Bacillota;c__Clostridia;o__Lachnospirales;f__Lachnospiraceae;g__CAG-56	0.0027464008859357696	0.0	0.0	0.0	0.0	0.0	0.006147792942333702	0.0	0.0	0.014225941422594143	0.0	0.005915047677323951	0.0	0.0	0.0	0.0	0.0	0.0030670142616163166	0.0	0.0	0.0	0.0	0.013955908789857129	0.0	0.0	0.0	0.01657380963528255	0.0	0.02807948654653172
d__Bacteria;p__Bacillota;c__Bacilli;o__Lactobacillales;f__Lactobacillaceae;g__Ligilactobacillus	0.0	0.0	0.0	0.00011716461628588167	0.0	0.0	0.002827984753473503	0.0	0.0	0.0	0.0	0.0	0.022019518414987005	0.0	0.012845428259942173	0.0	0.0	0.010121147063333844	0.0	0.0	0.0	0.009341977640512533	0.0	0.0	0.0	0.00014757243346942792	0.0	0.0	0.0
d__Bacteria;p__Bacillota;c__Clostridia;o__Monoglobales;f__Monoglobaceae;g__Monoglobus	0.010808416389811738	0.005275498241500586	0.004537822752643281	0.00140597539543058	0.02422243934212669	0.0	0.02637403172261158	0.0020300869293633857	0.0012393380476780637	0.002301255230125523	0.008464566929133858	0.0014787619193309877	0.011034279829336472	0.006059541582506367	0.007015215433473954	0.0001753155680224404	0.0	0.0	0.009806325079676392	0.01272264631043257	0.0011329963395502877	0.0026035019653887384	0.013955908789857129	0.01044188143718259	0.022112583962432385	0.0	0.0019195655227304648	0.01547766453947995	0.005183905208590471
d__Bacteria;p__Bacillota;c__Bacilli;o__Erysipelotrichales;f__Erysipelatoclostridiaceae;g__Erysipelotrichaceae_UCG-003	0.0016832779623477299	0.0	0.00031764759268502975	0.0	0.0	0.0006469914895734833	0.003381286118283536	0.009265524959658529	0.002624480571553547	0.0	0.005118110236220472	0.0	0.005884949242312785	0.004961798542197243	0.0	0.0	0.007756493124926548	0.0	0.0	0.015802865943484665	0.0	0.0005615396395936495	0.015659002743873593	0.013337130381128673	0.009510788801046187	0.0017708692016331349	0.004869141813755326	0.0017620725783407945	0.009010120957788201
d__Bacteria;p__Bacteroidota;c__Bacteroidia;o__Bacteroidales;f__Muribaculaceae;g__Incertae_Sedis	0.02263565891472868	0.0	0.02255297908063711	0.014235500878734621	0.05149812734082397	0.031055591499527198	0.0	0.005465618655978346	0.0	0.0001394700139470014	0.007939632545931758	0.007189842435367906	0.00789564023343632	0.021208395538772285	0.03616627956581504	0.02483637213651239	0.0	0.010376731585135204	0.01046008008498815	0.0029909379045578322	0.003660449712393237	0.0010209811628975446	0.0	0.007546632493236508	0.0	0.016528112548575925	0.0	0.017954090865796742	0.0
d__Bacteria;p__Pseudomonadota;c__Gammaproteobacteria;o__Enterobacterales;f__Enterobacteriaceae;__	0.0	0.0	0.009937831828288788	0.014352665495020504	0.026013678553981436	0.0	0.0	0.0014054447972515747	0.06408106728876577	0.013668061366806136	0.0	0.0	0.000784659898975038	0.014314569245630984	0.0	0.0319658719027583	0.0	0.0	0.0018795456402713082	0.018525958662559707	0.018215094997385394	0.0	0.0	0.0	0.0	0.0	0.0	0.0	0.0
d__Bacteria;p__Bacillota;c__Negativicutes;o__Veillonellales-Selenomonadales;f__Veillonellaceae;g__Veillonella	0.0	0.0	0.0	0.0	0.00134342940889106	0.0	0.013525144473134144	0.0035396387486335956	0.04891740176423416	0.015132496513249652	0.0010498687664041995	0.008311661822446586	0.005737825511254966	0.0011416527619214894	0.0	0.004908835904628331	0.04818427547302856	0.00015335071308081582	0.0	0.007901432971742332	0.0	0.0	0.002791181757971426	0.0	0.0	0.0009838162231295194	0.006507795308769137	0.004286122487855986	0.01283633670698593
d__Bacteria;p__Actinomycetota;c__Coriobacteriia;o__Coriobacteriales;f__Eggerthellaceae;g__Eggerthella	0.0	0.0	0.0	0.0	0.0	0.009008112277907728	0.0006762572236567073	0.021237832491801573	0.004665743238317416	0.0	0.0	0.0	0.0	0.0	0.0	0.0	0.0	0.01369933036855288	0.0	0.0	0.0	0.0	0.0	0.0	0.0267490935029424	0.0	0.0	0.0	0.0008022710441866206
d__Bacteria;p__Bacillota;c__Clostridia;o__Lachnospirales;f__Lachnospiraceae;g__[Eubacterium]_ventriosum_group	0.00921373200442968	0.0	0.0	0.0	0.0	0.0	0.004241977130210254	0.0023944615064286088	0.0	0.0	0.0078083989501312335	0.0	0.0022558972095532343	0.007332923509264951	0.0	0.0019284712482468443	0.0	0.0	0.000980632507967639	0.009642426677380474	0.0	0.0	0.01783517835178352	0.02933219421899473	0.009213576651013494	0.0	0.0025282082494498806	0.01590627678826555	0.006171315724512466
d__Bacteria;p__Actinomycetota;c__Coriobacteriia;o__Coriobacteriales;f__Eggerthellaceae;g__Slackia	0.010897009966777409	0.0031972716615155067	0.0020873984662159095	0.0012302284710017574	0.0	0.005623849101677201	0.0	0.0	0.007071517095574834	0.0	0.003215223097112861	0.011830095354647902	0.001569319797950076	0.011196979011153069	0.002749206048253306	0.0015778401122019635	0.0	0.0	0.006128953174797744	0.001785634569885273	0.0018302248561966185	0.008576241768339375	0.017172864036332672	0.006170202667426076	0.0	0.0020660140685719907	0.0035582190177442766	0.010239070387655968	0.0
d__Bacteria;p__Bacillota;c__Clostridia;o__Christensenellales;f__Christensenellaceae;g__Christensenellaceae_R-7_group	0.03184939091915836	0.0641052968133859	0.027635340563597587	0.005916813122437024	0.011439504966617815	0.0	0.0035042419771302105	0.009577846025714435	0.0098418021433258	0.02391910739191074	0.014960629921259842	0.012849931161083065	0.021381982247069786	0.02072538860103627	0.01948144285917429	0.014726507713884993	0.0	0.0	0.00040859687831984963	0.010579884826570242	0.005316367439428272	0.017611925059982644	0.004352351215819851	0.03673643741990602	0.005706473280627712	0.052781740370898715	0.0089423662156468	0.00961996380607677	0.0
d__Bacteria;p__Actinomycetota;c__Coriobacteriia;o__Coriobacteriales;f__Atopobiaceae;g__Tractidigestivibacter	0.0020819490586932447	0.0	0.0008168080954757907	0.0008787346221441124	0.0	0.0	0.005717447436370343	0.0	0.0	0.0	0.010433070866141732	0.001784712661261537	0.004855083124908048	0.004873979098972512	0.010333222733090014	0.010343618513323983	0.023034434128569748	0.0	0.019776088910680722	0.016784964956921566	0.0	0.004798611465618459	0.0018450184501845018	0.0036071954055721675	0.0	0.002262777313197895	0.0	0.0010000952471663968	0.0
d__Bacteria;p__Thermodesulfobacteriota;c__Desulfovibrionia;o__Desulfovibrionales;f__Desulfovibrionaceae;g__Desulfovibrio	0.004429678848283499	0.008952360652243418	0.014339519898352771	0.0	0.004193128155023612	0.0	0.0	0.0	0.0	0.0	0.0	0.0	0.0018145260163797755	0.0	0.012371427217139878	0.00029219261337073396	0.0	0.0	0.0	0.0	0.006013595956074603	0.0	0.0	0.0	0.0	0.0	9.36373425722178e-05	0.013525097628345556	0.0
d__Bacteria;p__Bacillota;c__Clostridia;o__Lachnospirales;f__Lachnospiraceae;g__Lachnospiraceae_NK3A20_group	0.0	0.0	0.0	0.0	0.0	0.0	0.0	0.0	0.0	0.0	0.0	0.0	0.017900053945368054	0.0	0.0	0.005902290790088827	0.0	0.006798548279916168	0.0	0.0	0.0	0.0	0.0	0.0	0.0	0.0	0.0	0.0	0.0
d__Bacteria;p__Bacillota;c__Clostridia;o__Oscillospirales;f__UCG-010;g__Incertae_Sedis	0.013864894795127354	0.009058936374293936	0.0071697599491763854	0.007029876977152899	0.024425989252564728	0.019608818991688648	0.0	0.0	0.0061237880002916086	0.0	0.028083989501312336	0.0	0.0029915158648423324	0.011328708175990165	0.0064464141821112	0.0009934548854604955	0.0	0.002504728313653325	0.005311759418158046	0.011874469889737066	0.0	0.004288120884169687	0.0009934714731762702	0.008638283734396507	0.0	0.017659501205174875	0.0001872746851444356	0.057624535670063814	0.0
d__Bacteria;p__Bacillota;c__Clostridia;o__Lachnospirales;f__Lachnospiraceae;g__Lachnospiraceae_UCG-003	0.0	0.0	0.0	0.005858230814294083	0.003378928513271454	0.0	0.0	0.004997137056894488	0.0	0.0	0.0	0.0	0.0	0.0	0.0	0.0	0.0	0.0	0.0	0.0	0.0	0.0	0.027722584918156875	0.0	0.0	0.0	0.0	0.0	0.0
d__Bacteria;p__Bacteroidota;c__Bacteroidia;o__Bacteroidales;f__Tannerellaceae;g__Incertae_Sedis	0.0	0.0	0.0	0.0	0.0	0.0	0.0	0.01832283587527979	0.0	0.0	0.0	0.0	0.0	0.0	0.0	0.0	0.0	0.0	0.0	0.0	0.0	0.0	0.004920049200492005	0.0	0.0	0.0	0.0	0.0071435374797599776	0.0
d__Bacteria;p__Verrucomicrobiota;c__Verrucomicrobiia;o__Verrucomicrobiales;f__Akkermansiaceae;g__Akkermansia	0.0015503875968992248	0.016625812639880635	0.0	0.0	0.0011398794984530207	0.0	0.0	0.0024465150174379263	0.0	0.0	0.0	0.00535413798378461	0.0	0.0	0.0	0.0	0.0	0.0	0.0	0.0	0.03076520829701935	0.007300015314717443	0.0	0.00014238929232521716	0.0	0.0029022578582320823	0.0	0.0	0.0
d__Bacteria;p__Bacteroidota;c__Bacteroidia;o__Bacteroidales;f__Rikenellaceae;g__Rikenellaceae_RC9_gut_group	0.008150609080841639	0.014547586059895555	0.0146571674910378	0.0	0.0	0.0	0.0	0.0	0.0	0.0	0.04225721784776903	0.0	0.016772105340591436	0.0	0.0	0.007246376811594203	0.0	0.0	0.0	0.0016070711128967456	0.0	0.0	0.0	0.0	0.0	0.01721678390476659	0.0	0.011810648633203162	0.0
d__Bacteria;p__Bacillota;c__Clostridia;o__Lachnospirales;f__Lachnospiraceae;g__Tyzzerella	0.0	0.0	0.0	0.0	0.0	0.0	0.0	0.017958461298214566	0.0	0.011087866108786612	0.0	0.0	0.0	0.0	0.0	0.0	0.0	0.0	0.0	0.0	0.0042705246644587766	0.00030629434886926337	0.005818904342889583	0.0	0.0	0.00029514486693885583	0.0	0.0	0.0028388052332757345
d__Archaea;p__Methanobacteriota;c__Methanobacteria;o__Methanobacteriales;f__Methanobacteriaceae;g__Methanobrevibacter	0.0	0.0	0.009710940690656623	0.0	0.0	0.00492708903598268	0.0	0.0	0.0	0.0	0.01463254593175853	0.0	0.005296454318081506	0.005269166593483797	0.0002844006256813765	0.0023375409069658717	0.0	0.0	0.0	0.0	0.012985881122537912	0.0	0.0	0.007356780103469553	0.0	0.0	0.0	0.0	0.0
d__Bacteria;p__Bacteroidota;c__Bacteroidia;o__Bacteroidales;f__Rikenellaceae;g__Alistipes	0.0007973421926910299	0.016412661195779603	0.0	0.010896309314586995	0.025403028822667317	0.009207186582391877	0.0014139923767367516	0.0010931237311956692	0.002551578333454837	0.0	0.0	0.0006628932741828566	0.0029915158648423324	0.003995784666725213	0.023842252452955397	0.0	0.0	0.0053161580534682815	0.0018795456402713082	0.0	0.0	0.0010209811628975446	0.008562777935471663	0.0006644833641843466	0.0	0.0020168232574155147	0.0022941148930193363	0.0036670159062767885	0.0
d__Bacteria;p__Bacillota;c__Clostridia;o__Peptostreptococcales-Tissierellales;f__Anaerovoracaceae;__	0.0	0.017798145582436323	0.003494123519535327	0.0	0.0	0.006917832080824167	0.0	0.0	0.0	0.0	0.0007217847769028871	0.0	0.0025991859153548136	0.0027663124615789937	0.0	0.0	0.0	0.0	0.0	0.0	0.0	0.0	0.0	0.0011865774360434761	0.0	0.0023119681243543707	0.0	0.0028574149919039908	0.0
d__Bacteria;p__Bacillota;c__Clostridia;o__Oscillospirales;f__Oscillospiraceae;g__Colidextribacter	0.0027464008859357696	0.0005861664712778429	0.00903026727776013	0.0	0.0	0.0009456029462997064	0.0	0.0	0.0	0.0	0.011942257217847769	0.0	0.0025991859153548136	0.0028102221831913586	0.0	0.0029803646563814866	0.0	0.001737974748249246	0.0	0.004731931610195974	0.01795363430364302	0.005309102047067232	0.0	0.0035122692106886897	0.0	0.015839441192385263	0.0	0.0028574149919039908	0.0
d__Bacteria;p__Actinomycetota;c__Coriobacteriia;o__Coriobacteriales;f__Atopobiaceae;g__Incertae_Sedis	0.010276854928017718	0.0	0.0	0.0	0.0	0.0	0.0	0.0	0.0	0.0	0.011745406824146981	0.0	0.004070423225933009	0.0	0.011802625965777126	0.0027466105656848996	0.0	0.0	0.0	0.009419222356144815	0.0001743071291615827	0.0	0.0	0.008733209929279985	0.02454972359270047	0.0	0.0025282082494498806	0.0012858367463567959	0.0
d__Bacteria;p__Bacillota;c__Clostridia;o__Christensenellales;f__Christensenellaceae;g__Incertae_Sedis	0.0016389811738648948	0.016945539806032184	0.0	0.0	0.00012212994626282364	0.0	0.0	0.0	0.0	0.0	0.0	0.0	0.0	0.0	0.004597810115182253	0.0	0.0	0.0	0.0	0.0	0.002178839114519784	0.0	0.0	0.0	0.0	0.0	0.0	0.0	0.0
d__Bacteria;p__Bacillota;c__Clostridia;o__Oscillospirales;f__Oscillospiraceae;g__NK4A214_group	0.023477297895902548	0.012948950229137803	0.006035304261015565	0.0007615700058582308	0.004070998208760788	0.017170158761757825	0.0	0.0	0.0014580447619741926	0.0	0.010826771653543307	0.0	0.0018635672600657153	8.781944322472996e-05	0.022230648907427597	0.0	0.0	0.005111690436027194	0.0	0.0037498325967590734	0.0	0.007861554954311093	0.0	0.0011865774360434761	0.0	0.009100300063948054	0.0	0.023240308600819125	0.0
d__Bacteria;p__Cyanobacteriota;c__Vampirivibrionia;o__Gastranaerophilales;f__Gastranaerophilaceae;g__Zag_111	0.007574750830564784	0.013428540978365128	0.003766392884693924	0.016813122437024017	0.014737013515714053	0.0	0.0	0.0	0.0	0.0011157601115760112	0.0020341207349081365	0.03370557340268217	0.0	0.001800298586106964	0.00037920083424183534	0.0013440860215053765	0.0	0.0	0.0	0.003928396053747601	0.0001743071291615827	0.05778753382000102	0.0	0.00299017513882956	0.0	0.001672487579320183	0.0003745493702888712	0.004857605486236784	0.0
d__Bacteria;p__Bacillota;c__Clostridia;o__Lachnospirales;f__Lachnospiraceae;g__Enterocloster	0.0	0.0	0.0	0.00632688927943761	0.0	0.0	0.006701094307143735	0.0023944615064286088	0.005030254428810965	0.0057880055788005575	0.0	0.0035184335322013156	0.0	0.0	0.0	0.0	0.0	0.012574758472626898	0.0	0.0	0.0	0.0	0.0	0.0	0.0	0.0	0.013905145371974343	0.006048195066196781	0.0
d__Bacteria;p__Bacteroidota;c__Bacteroidia;o__Bacteroidales;f__Prevotellaceae;__	0.010143964562569214	0.00010657572205051689	0.017243726460044472	0.0005858230814294083	0.0	0.012790524063106554	0.00012295585884667404	0.0	0.00036451119049354816	0.0	0.00426509186351706	0.0	0.02388308567505272	8.781944322472996e-05	0.0	0.002279102384291725	0.002467975085203902	0.003527066400858764	0.007926779439405084	0.013124414088656756	0.0	0.0	0.00047308165389346203	9.49261948834781e-05	0.0	0.0	0.0	0.010524811886846366	0.0
d__Bacteria;p__Bacillota;c__Clostridia;o__Oscillospirales;f__Butyricicoccaceae;g__UCG-008	0.000310077519379845	0.0	0.011571448019240368	0.0	0.012782934375508875	0.0	0.0	0.0	0.0	0.0008368200836820083	0.004724409448818898	0.0	0.004364670688048649	0.01721261087204707	0.0	0.0029803646563814866	0.0	0.0	0.0	0.0	0.005316367439428272	0.0	0.0006150061500615006	0.000949261948834781	0.0	9.838162231295194e-05	0.0	0.0	0.0
d__Bacteria;p__Bacillota;c__Bacilli;o__Lactobacillales;f__Lactobacillaceae;g__Weissella	0.0016389811738648948	0.002611105190237664	0.0	0.0011716461628588166	0.0005699397492265104	0.0	0.00018443378827001107	0.002498568528447244	0.0	0.016527196652719664	0.0	0.0	0.0007356186552890981	0.006191270747343462	0.0	0.009642356241234221	0.015277941003643202	0.0	0.0	0.0037051917325119413	0.01786648073906223	0.0	0.0	0.002230765579761735	0.0009510788801046187	0.0	0.013530596001685472	0.0	0.0
d__Bacteria;p__Campylobacterota;c__Campylobacteria;o__Campylobacterales;f__Campylobacteraceae;g__Campylobacter	0.0	0.000479590749227326	0.0	0.0	0.0	0.0	0.0	0.0	0.0	0.0	0.0	0.003620417112844832	0.014025795694178804	0.0	0.0	0.0002337540906965872	0.0	0.0	0.0	0.0	0.0	0.0	0.0	0.0	0.0	0.0	0.0	0.0	0.0
d__Bacteria;p__Cyanobacteriota;c__Vampirivibrionia;o__Gastranaerophilales;f__Gastranaerophilaceae;g__CAG-196	0.0	0.0016519236917830118	0.0	0.0	0.0002442598925256473	0.0	0.0	0.0	0.0	0.0	0.0	0.014073734128805263	0.001226031092148497	0.0	0.0	0.0013440860215053765	0.0	0.0	0.0	0.0	0.0	0.011128694675583235	0.0	0.0	0.0	0.0	0.0	0.0	0.0
d__Bacteria;p__Bacillota;c__Bacilli;o__Erysipelotrichales;f__Erysipelotrichaceae;g__Solobacterium	0.0	0.000959181498454652	0.0	0.0	0.0	0.006320609167371721	0.0	0.0	0.0	0.0	0.0	0.0	0.007012897847089402	0.006454729077017652	0.0	0.0091164095371669	0.0	0.003527066400858764	0.003432213777886737	0.012142315075219855	0.0018302248561966185	0.0	0.0	0.0012815036309269544	0.005528145990608096	0.0	0.0	0.0	0.0
d__Bacteria;p__Bacillota;c__Clostridia;o__Lachnospirales;f__Lachnospiraceae;g__Lachnospiraceae_UCG-004	0.0	0.0	0.0	0.0	0.0	0.0001990743044841487	0.016599040944300997	0.0	0.0	0.0	0.0	0.004691244709601754	0.0	0.0	0.0	0.0007597007947639084	0.0	0.0	0.0	8.928172849426365e-05	0.0	0.0	0.0	0.0	0.0	0.0	0.006882344679058008	0.003333650823887989	0.0
d__Bacteria;p__Bacillota;c__Clostridia;o__Christensenellales;f__Christensenellaceae;__	0.003942414174972314	0.014281146754769264	0.007850433362072877	0.00011716461628588167	0.010340335450252402	0.0	0.0	0.0	0.0	0.0	0.01653543307086614	0.0	0.001226031092148497	0.0004390972161236498	0.00981182158600749	0.0	0.0	0.0	0.0	0.005490826302397215	0.0	0.0007657358721731584	0.0	0.0037495846978973847	0.0	0.01952875202912096	0.0	0.008476997809315172	0.0
d__Bacteria;p__Bacteroidota;c__Bacteroidia;o__Bacteroidales;f__Prevotellaceae;g__Prevotellaceae_NK3B31_group	0.0	0.0	0.0	0.0	0.0	0.00617130343900861	0.0	0.0	0.0	0.0	0.00452755905511811	0.0	0.012505517139914667	0.0	0.0	0.002629733520336606	0.0	0.0	0.0008989131323036692	0.0	0.0	0.0	0.0	0.0	0.0	0.0	0.0	0.0004762358319839985	0.0
d__Bacteria;p__Pseudomonadota;c__Alphaproteobacteria;o__Rhodospirillales;f__Incertae_Sedis;g__Incertae_Sedis	0.0	0.0	0.0	0.0	0.018889431688650055	0.0	0.00018443378827001107	0.01608453490187913	0.0	0.0	0.0001968503937007874	0.0	0.0034328870580157913	0.0	0.0	0.0	0.0	0.0	0.0	0.0	0.0	0.00010209811628975445	0.0	0.0	0.0	0.010576024398642334	0.0	0.0	0.0
d__Bacteria;p__Bacillota;c__Clostridia;o__Oscillospirales;f__Ruminococcaceae;g__[Eubacterium]_siraeum_group	0.0061572535991140645	0.006128104017904722	0.0018605073285837455	0.0012888107791446982	0.002442598925256473	0.0036331060568357137	0.0	0.0	0.0012393380476780637	0.0	0.0013779527559055118	0.0	0.0025501446716688736	0.0017563888644945992	0.0	0.0	0.0	0.01318816132495016	0.0	0.0	0.0	0.0027566491398233702	0.004825432869713313	0.0	0.0	0.0005410989227212356	0.0	0.0	0.0
d__Bacteria;p__Elusimicrobiota;c__Elusimicrobia;o__Elusimicrobiales;f__Elusimicrobiaceae;g__Elusimicrobium	0.0	0.0	0.0	0.0	0.0	0.0	0.0	0.0	0.0	0.0	0.0	0.0	0.0	0.0	0.0	0.0	0.0	0.0	0.00016343875132793985	0.000758894692201241	0.0	0.0	0.0	0.0	0.0	9.838162231295194e-05	0.0	0.011524907134012764	0.0
d__Bacteria;p__Bacteroidota;c__Bacteroidia;o__Bacteroidales;f__Incertae_Sedis;g__Incertae_Sedis	0.0036323366555924695	0.0	0.0	0.0	0.0	0.0	0.0	0.0	0.0	0.0	0.0	0.0	0.007061939090775342	0.0	0.0	0.006837307152875175	0.0	0.0	0.0	0.010624525690817375	0.0	0.0	0.0	0.0066448336418434666	0.0	0.0	0.0	0.006905419563767978	0.0
d__Bacteria;p__Actinomycetota;c__Coriobacteriia;o__Coriobacteriales;f__Eggerthellaceae;g__Adlercreutzia	0.007043189368770764	0.0037301502717680913	0.00676135590143849	0.002460456942003515	0.002401888943168865	0.0023888916538097847	0.0	0.0	0.0	0.0001394700139470014	0.0049868766404199474	0.0029575238386619755	0.0018145260163797755	0.0035566874506015632	0.005545812200786842	0.0021037868162692847	0.0	0.0	0.005883795047805835	0.0033927056827820186	0.0023531462436813667	0.0	0.0010880878039549627	0.007309317006027814	0.0	0.004574745437552265	0.0010300107682943958	0.002762167825507191	0.000555418415206122
d__Bacteria;p__Bacillota;c__Bacilli;o__Lactobacillales;f__Enterococcaceae;g__Enterococcus	0.0	0.0	0.0	0.0	0.002849698746132552	0.0	0.0	0.0	0.00196836042866516	0.0	0.0	0.0	0.0	0.002239395802230614	0.0	0.0	0.02761781642966271	0.0	0.0	0.0	0.0	0.00010209811628975445	0.006150061500615006	0.0008543357539513029	0.0	0.0	0.0	0.0031907800742927896	0.0
d__Bacteria;p__Bacteroidota;c__Bacteroidia;o__Bacteroidales;f__Prevotellaceae;g__Massiliprevotella	0.0	0.0	0.001951263783636611	0.0	0.0	0.0	0.0	0.0	0.0	0.0	0.0	0.018204069144867677	0.004707959393850228	0.0	0.0006636014599232118	0.0030388031790556337	0.0	0.0	0.0	0.0	0.0	0.0	0.0	0.0	0.0	0.0	0.011002387752235592	0.0011905895799599962	0.0
d__Bacteria;p__Bacteroidota;c__Bacteroidia;o__Bacteroidales;__;__	0.00141749723145072	0.0005861664712778429	0.0	0.00029291154071470416	0.0	0.0	0.0	0.00010410702201863516	0.0	0.0	0.0	0.0	0.00387425825118925	0.001888118029331694	0.005735412617907759	0.0	0.0	0.017788682717374635	0.0017161068889433686	0.0	0.0	0.0	0.0	0.0	0.00011888486001307734	0.0	0.0001404560138583267	0.0057148299838079815	0.0
d__Bacteria;p__Bacteroidota;c__Bacteroidia;o__Bacteroidales;f__Prevotellaceae;g__Prevotellaceae_UCG-003	0.0	0.0	0.01030085764850025	0.0	0.0	0.0	0.0	0.0	0.0	0.0	0.0	0.0	0.0	0.0	0.0	0.0001168770453482936	0.0	0.003782650922660124	0.0	0.0	0.0	0.0	0.0	0.0	0.0	0.0	0.0	0.0	0.0
d__Bacteria;p__Bacillota;c__Clostridia;o__Oscillospirales;f__Oscillospiraceae;g__UCG-003	0.003986710963455149	0.0	0.007033625266597086	0.006971294669009959	0.003826738316235141	0.007216443537550391	0.0	0.0	0.0	0.0	0.0	0.0018357044515832951	0.003089598352214212	0.0044348818828488625	0.01057022325449116	0.0	0.0	0.004907222818586106	0.0	0.00709789741529396	0.0	0.0	0.0029331062541394647	0.0	0.0	0.0024103497466673226	0.0027623016058804253	0.005333841318220783	0.0008022710441866206
d__Bacteria;p__Bacillota;c__Clostridia;__;__;__	0.017763012181616834	0.009325375679420229	0.009302536642918727	0.000351493848857645	0.013759973945611464	0.0	0.0002459117176933481	0.00036437457706522307	0.002770285047750966	0.00041841004184100416	0.0021653543307086614	0.0001529753709652746	0.0021578147221813547	0.003907965223500483	0.009290420438924966	0.0005843852267414679	0.0	0.004804989009865562	0.00016343875132793985	0.0064282844515869825	0.004880599616524316	0.01306855888508857	0.00236540826946731	0.0011391143386017372	0.0	0.00378769245904865	0.0003277306990027623	0.0014763310791503952	0.00024685262898049864
d__Bacteria;p__Bacillota;c__Clostridia;o__Lachnospirales;f__Lachnospiraceae;g__[Eubacterium]_xylanophilum_group	0.0	0.0	0.002178154921268775	0.0	0.0	0.010998855322749216	0.0	0.0	0.0	0.0	0.0	0.0	0.0	0.0	0.0	0.0	0.0	0.0	0.0	0.0	0.01847655569112777	0.0	0.0	0.006739759836726945	0.0	0.0	0.0	0.0	0.0
d__Bacteria;p__Bacillota;c__Clostridia;o__Clostridia_vadinBB60_group;f__Incertae_Sedis;g__Incertae_Sedis	0.00124031007751938	0.0	0.0	0.00011716461628588167	0.005292297671389025	0.004329866122530234	0.0	0.0	0.002551578333454837	0.0	0.004133858267716535	0.0	0.0	0.0007025555457978396	0.0	0.0036231884057971015	0.0	0.0019424423656903339	0.0	0.0004910495067184501	0.0002614606937423741	0.005207003930777477	0.0	0.0022782286772034745	0.0	0.0009838162231295194	0.0	0.027193066006286314	0.0
d__Bacteria;p__Spirochaetota;c__Spirochaetia;o__Spirochaetales;f__Spirochaetaceae;g__Treponema	0.0	0.004529468187146968	0.0	0.0	0.0	0.0	0.0	0.0	0.0	0.0	0.0	0.0	0.006473444166544063	0.0	0.0	0.02851799906498364	0.0	0.0	0.0	0.0	0.0	0.0	0.0	0.0033224168209217333	0.0	0.0	0.0	0.0	0.0
d__Bacteria;p__Bacillota;c__Bacilli;o__Erysipelotrichales;f__Erysipelatoclostridiaceae;g__Thomasclavelia	0.008992248062015503	0.005968240434828946	0.0	0.0	0.0003663898387884709	0.0	0.0	0.0	0.0	0.0	0.0	0.0	0.0	0.0	0.0	0.0	0.0	0.0	0.0	0.0	0.0	0.0	0.0	0.0	0.0011294061701242347	0.0	0.0	0.0	0.0
d__Bacteria;p__Bacillota;c__Clostridia;o__Lachnospirales;f__Lachnospiraceae;g__Cellulosilyticum	0.0	0.0	0.0	0.0	0.0	0.0	0.0	0.0	0.0	0.0	0.0	0.0	0.0	0.0	0.0	0.0	0.0	0.0	0.0	0.0	0.05028760676311661	0.0	0.0	0.0	0.0	0.0	0.0	0.0	0.0
d__Bacteria;p__Bacteroidota;c__Bacteroidia;o__Bacteroidales;f__Bacteroidales_RF16_group;g__Incertae_Sedis	0.0	0.0	0.0	0.0	0.0	0.0	0.0	0.0	0.0	0.0	0.011876640419947506	0.0	0.0	0.0	0.0	0.0	0.0	0.0	0.0	0.0	0.0	0.0	0.0	0.0	0.0	0.0	0.0	0.0	0.0
d__Bacteria;p__Bacteroidota;c__Bacteroidia;o__Bacteroidales;f__Marinifilaceae;g__Odoribacter	0.0	0.0	0.0	0.0	0.0016691092655919232	0.0	0.0	0.014210608505543698	0.0	0.0	0.0	0.0	0.0	0.0	0.0	0.0	0.0	0.0	0.0	0.00022320432123565913	0.0	0.0	0.0	0.0	0.0	9.838162231295194e-05	0.0	0.00014287074959519954	0.0
Unassigned;__;__;__;__;__	0.00496124031007752	0.0	0.00031764759268502975	0.010369068541300527	8.141996417521577e-05	0.0	0.0	0.003123210660559055	0.0	0.0012552301255230125	0.0	0.0001019835806435164	0.0	0.00026345832967418985	0.00014220031284068824	0.0035063113604488078	0.004465859677988013	0.00010223380872054388	0.0	0.0	0.0	0.0013783245699116851	0.011685116851168511	0.0066922967392852055	0.0	0.0	0.0	0.0	0.0008022710441866206
d__Bacteria;p__Actinomycetota;c__Coriobacteriia;o__Coriobacteriales;f__Atopobiaceae;g__Parolsenella	0.0047397563676633446	0.0	0.0	0.0	0.0	0.0	0.0	0.0	0.0	0.0	0.0	0.0	0.008386052670295718	0.0	0.0	0.008999532491818606	0.0	0.0	0.0	0.0	0.0	0.0	0.0	0.0	0.0	0.007132667617689016	0.0	0.0	0.0
d__Bacteria;p__Bacillota;c__Bacilli;o__Lactobacillales;f__Streptococcaceae;g__Lactococcus	0.00070874861572536	0.0	0.0	0.008963093145869946	0.0003663898387884709	0.0	0.0	0.0	0.0	0.00020920502092050208	0.0	0.0	0.0	0.0	0.0	0.0008765778401122019	0.0	0.0	0.0	0.0	0.0	0.0	0.0013246286309016937	0.00014238929232521716	0.000356654580039232	0.0	0.012032398520529987	0.0	0.0
d__Bacteria;p__Bacillota;c__Bacilli;o__Acholeplasmatales;f__Acholeplasmataceae;g__Anaeroplasma	0.0	0.0	0.0	0.0	0.002361178961081257	0.0	0.0	0.0	0.0	0.0	0.0	0.0001019835806435164	0.00789564023343632	0.0014929305348204093	0.0	0.0	0.0	0.0	0.0	0.0	0.0	0.0037265812445760375	0.0004257734885041158	0.0	0.0	0.0	0.0	0.00014287074959519954	0.0
d__Bacteria;p__Pseudomonadota;c__Gammaproteobacteria;o__Burkholderiales;f__Comamonadaceae;__	0.0	0.0	0.0	0.0	0.0	0.0	0.0	0.0	0.00014580447619741925	0.0	0.0	0.0	0.0	0.0019320277509440591	0.0	0.0	0.0	0.0	0.0	0.0	0.0	0.0	0.0	0.0	0.0	0.0	0.006929163350344117	0.007476902562148776	0.0
d__Archaea;p__Methanobacteriota;c__Methanobacteria;o__Methanobacteriales;f__Methanobacteriaceae;g__Methanosphaera	0.006600221483942414	0.0	0.003947905794799655	0.0	0.0	0.00547454337331409	0.0	0.0	0.0	0.0	0.0	0.0	0.0	0.0	0.0	0.0	0.0	0.0	0.0	0.0	0.028673522747080356	0.0	0.0	0.007214390811144335	0.0	0.0	0.0	0.0016668254119439946	0.0
d__Bacteria;p__Bacillota;c__Clostridia;o__Lachnospirales;f__Lachnospiraceae;g__Faecalimonas	0.0036766334440753046	0.0	0.003902527567273222	0.0	0.0019540791402051783	0.0032847260239884535	0.005041190212713636	0.0	0.0	0.010529986052998605	0.002690288713910761	0.0	0.0	0.002019847194168789	0.0	0.0	0.0	0.0	0.0	0.0	0.0	0.004951758640053091	0.005393130854385467	0.0	0.0	0.005165035171429977	0.0	0.0	0.002221673660824488
d__Bacteria;p__Bacillota;c__Bacilli;o__Lactobacillales;f__Lactobacillaceae;g__Limosilactobacillus	0.0	0.0	0.0	0.0	0.0	0.0	0.0022132054592401327	0.0	0.0	0.0	0.0	0.0	0.0	0.0	0.0	0.0	0.0	0.00020446761744108777	0.012257906349595489	0.0	0.0	0.0	0.0	0.0	0.0	0.0	0.0	0.0	0.0
d__Bacteria;p__Bacillota;c__Clostridia;o__Peptostreptococcales-Tissierellales;f__Peptostreptococcaceae;g__Paraclostridium	0.0	0.0	0.0	0.0	0.0	0.0	0.0	0.0	0.0	0.010181311018131101	0.0	0.0	0.0	0.0	0.0	0.0	0.0	0.0	0.0	0.0	0.0	0.0	0.0	0.0	0.0	0.0	0.0	0.0	0.0
d__Bacteria;p__Bacillota;c__Clostridia;o__Oscillospirales;f__Oscillospiraceae;g__Oscillibacter	0.0	0.0	0.0	0.0	0.002157629050643218	0.0	0.0	0.0	0.0002916089523948385	0.0	0.0	0.0	0.0	0.0001756388864494599	0.0	0.0	0.0	0.0020957930787711496	0.0	0.0	0.0	0.0013783245699116851	0.004068502223483773	0.0	0.0	0.00452555462639579	0.0	0.009905705305267168	0.0
d__Bacteria;p__Pseudomonadota;c__Gammaproteobacteria;o__Burkholderiales;f__Sutterellaceae;g__Sutterella	0.0	0.007460300543536183	0.0	0.0	0.0	0.0	0.003073896471166851	0.0	0.0018954581905664505	0.0	0.0	0.0	0.0	0.0	0.0005214011470825236	0.0	0.0	0.0	0.0	0.0	0.0	0.0	0.0	0.0	0.0	0.0	0.0017322908375860292	0.0051433469854271835	0.0
d__Bacteria;p__Bacillota;c__Clostridia;o__Oscillospirales;f__Ruminococcaceae;g__Acutalibacter	0.006821705426356589	0.0	0.0	0.0	0.004640937957987298	0.001144677250783855	0.0012910365178900774	0.0	0.0	0.0013249651324965133	0.007349081364829396	0.002090663403192086	0.0	0.002415034688680074	0.0	0.0015194015895278168	0.0	0.003833767827020396	0.001062351883631609	0.00026784518548279097	0.0008715356458079135	0.004083924651590179	0.0046362002081559274	0.0074042432009112915	0.0	0.0	0.0	0.0027145442423087912	0.0
d__Bacteria;p__Bacillota;c__Clostridia;o__Peptostreptococcales-Tissierellales;f__Anaerovoracaceae;g__Family_XIII_AD3011_group	0.0065116279069767444	0.010710860066076947	0.005763034895856968	0.001054481546572935	0.0018726591760299626	0.004827551883740606	0.0	0.0016657123522981626	0.004447036524021288	0.0	0.009776902887139107	0.0	0.003138639595900152	0.0	0.002844006256813765	0.0012272089761570827	0.0	0.006082911618872361	0.004249407534526436	0.006562207044328378	0.00322468188948928	0.003624483128286283	0.0064812186583404294	0.0017086715079026058	0.0	0.011412268188302425	0.0	0.0051433469854271835	0.0
d__Bacteria;p__Pseudomonadota;c__Gammaproteobacteria;o__Burkholderiales;f__Oxalobacteraceae;g__Oxalobacter	0.0019490586932447396	0.0012789086646062028	0.0034033670644824615	0.000351493848857645	0.0	0.00651968347185587	0.0	0.0	0.0	0.0	0.0	0.0	0.0	0.0	0.0	0.0	0.0	0.0	0.00016343875132793985	0.0	0.0	0.005819592628516004	0.0	0.0	0.0	0.0019184416351025629	0.0	0.003524145156681589	0.0
d__Bacteria;p__Bacillota;c__Bacilli;o__Lactobacillales;f__Lactobacillaceae;g__Leuconostoc	0.0	0.0	0.0	0.0	0.0	0.0	0.0	0.00010410702201863516	0.0	0.0024407252440725243	0.0	0.0	0.0	0.0	0.0	0.0002337540906965872	0.005406040662827594	0.0	0.0	0.0	0.0002614606937423741	0.0	0.0	0.0	0.0	0.0	0.00594597125333583	0.0	0.0
d__Bacteria;p__Bacillota;c__Clostridia;o__Oscillospirales;f__Ruminococcaceae;g__Paludicola	0.0	0.0005328786102525844	0.0	0.0	0.0	0.0	0.0	0.0	0.0	0.0	0.008202099737532808	0.0	0.0	0.0005708263809607447	0.0	0.0	0.0	0.0	0.0	0.0	0.0	0.0015314717443463167	0.0001892326615573848	0.0	0.0	0.0	0.0	0.005190970568625584	0.0
d__Bacteria;p__Bacillota;c__Clostridia;o__Peptostreptococcales-Tissierellales;f__Anaerovoracaceae;g__Mogibacterium	0.000132890365448505	0.006607694767132047	0.0007260516404229251	0.0	0.0	0.0	0.0	0.0	0.0	0.0	0.00013123359580052493	0.0	0.0	0.0	0.0	0.0	0.0	0.0	0.0	0.0	0.0	0.0	0.0	0.0	0.0	0.0	0.0	0.0	0.0
d__Bacteria;p__Bacteroidota;c__Bacteroidia;o__Bacteroidales;f__Barnesiellaceae;g__Coprobacter	0.0	0.0	0.0	0.0	0.0	0.0	0.0	0.0	0.0	0.0	0.0	0.0	0.0	0.0	0.0	0.0	0.0	0.0	0.0	0.0	0.0	0.0	0.0	0.0	0.0	0.0	0.0	0.005619582817411182	0.0
d__Bacteria;p__Bacillota;c__Negativicutes;o__Veillonellales-Selenomonadales;f__Selenomonadaceae;g__Mitsuokella	0.0	0.004422892465096451	0.0	0.0	0.0	0.0	0.0	0.0	0.0	0.0	0.0	0.0	0.0	0.0003951874945112848	0.0	0.008122954651706404	0.0	0.0	0.0	0.0	0.0	0.0	0.0	0.0	0.0	0.0	0.0	0.0	0.0
d__Bacteria;p__Pseudomonadota;c__Gammaproteobacteria;o__Enterobacterales;f__Pasteurellaceae;g__Haemophilus	0.0	0.0	0.00013613468257929844	0.0009958992384299942	0.001017749552190197	0.0	0.01832042296815443	0.0005205351100931758	0.0	0.0	0.0009186351706036745	0.0	0.0008337011426609779	0.0	0.00037920083424183534	0.0066035530621785885	0.006933834763191914	0.0	0.0	0.0	0.0	0.001327275511766808	0.0	0.0	0.002318254770255008	0.0	0.0	0.0008572244975711972	0.005986176252777092
d__Bacteria;p__Bacillota;c__Bacilli;o__Bacillales;f__Planococcaceae;g__Kurthia	0.0	0.0	0.0	0.0	0.0	0.0	0.0	0.0	0.0	0.0	0.0	0.0	0.0	0.0	0.0	0.0	0.0	0.0	0.0	0.0	0.0	0.0	0.0	0.0	0.0	0.0	0.005290509855330305	0.0	0.0
d__Bacteria;p__Pseudomonadota;c__Gammaproteobacteria;o__Enterobacterales;f__Enterobacteriaceae;g__Klebsiella	0.0	0.0	0.0	0.0	0.002768278781957336	0.0	0.0	0.0	0.0	0.0	0.0	0.0	0.0	0.0	0.0	0.0	0.0	0.0	0.0	0.0	0.0	0.0	0.0	0.0	0.006360340010699637	0.0	0.0	0.0	0.0
d__Bacteria;p__Bacteroidota;c__Bacteroidia;o__Bacteroidales;f__Barnesiellaceae;g__Barnesiella	0.0	0.0	0.0	0.0001757469244288225	0.004396678065461651	0.0	0.0	0.0	0.0	0.0	0.0	0.0	0.0007356186552890981	0.0004390972161236498	0.0011850026070057355	0.0	0.0	0.0	0.0	0.0	0.0	0.0	0.0	0.0	0.0	0.0005902897338777117	0.0	0.0	0.0
d__Bacteria;p__Bacillota;c__Clostridia;o__Lachnospirales;f__Lachnospiraceae;g__Howardella	0.0	0.0	0.0	0.0	0.0	0.001094908674662818	0.0	0.0	0.0	0.0	0.0	0.0	0.0	0.0	0.004645210219462483	0.0001168770453482936	0.0	0.0	0.0	0.0	0.0	0.0	0.0	0.0	0.0	0.0	0.0	0.00019049433279359938	0.0
d__Bacteria;p__Bacillota;c__Clostridia;o__Peptostreptococcales-Tissierellales;f__Peptostreptococcaceae;g__Incertae_Sedis	0.0	0.0007993179153788767	0.0	0.0	8.141996417521577e-05	0.0006967600656945205	0.00012295585884667404	0.0	0.0009477290952832252	0.0038354253835425384	0.0	0.0	0.0	0.0	0.00023700052140114707	0.0004675081813931744	0.0	0.0	0.00040859687831984963	8.928172849426365e-05	0.009063970716402301	0.0004083924651590178	0.0	0.0	0.00029721215003269334	0.0011805794677554233	9.36373425722178e-05	0.00019049433279359938	0.0
d__Bacteria;p__Thermodesulfobacteriota;c__Desulfovibrionia;o__Desulfovibrionales;f__Desulfovibrionaceae;g__Bilophila	0.0	0.0024512416071618883	0.0	0.0	0.0	0.004130791818046086	0.00012295585884667404	0.0	0.0	0.0	0.0	0.0	9.808248737187975e-05	0.0	0.004550410010902024	0.0	0.0	0.0	0.0	0.0001785634569885273	0.0	0.0	9.46163307786924e-05	0.0	0.0	0.0	0.0004213680415749801	0.0	0.0
d__Bacteria;p__Bacillota;c__Clostridia;o__Oscillospirales;f__Ruminococcaceae;g__Fournierella	0.0037652270210409744	0.0	0.0009075645505286563	0.005506736965436438	0.0	0.0	0.0	0.0	0.0	0.0	0.0	0.0	0.0	0.0	0.0	0.0	0.0	0.0	0.0	0.0	0.0	0.0	0.0	0.0	0.0	0.0	0.003745493702888712	0.0	0.0
d__Bacteria;p__Bacillota;c__Clostridia;o__Lachnospirales;f__Lachnospiraceae;g__GCA-900066575	0.0	0.0	0.0	0.0	0.0	0.0	0.0	0.0	0.0	0.0	0.0	0.004538269338636479	0.0	0.0	0.0	0.0	0.0	0.0	0.0	0.0	0.0	0.0	0.0	0.0	0.0	0.0	0.0	0.0	0.004937052579609973
d__Bacteria;p__Cyanobacteriota;c__Vampirivibrionia;o__Gastranaerophilales;f__Gastranaerophilaceae;g__Incertae_Sedis	0.00026578073089701	0.00010657572205051689	0.0	0.0007615700058582308	0.001750529229767139	0.0	0.0	0.0	0.0	0.0	0.0	0.0	0.0	0.0	0.0	0.0	0.0	0.0	0.0	0.0	0.0	0.004492317116749196	0.0	9.49261948834781e-05	0.0	0.0	0.0	0.0	0.0
d__Bacteria;p__Bacillota;c__Clostridia;o__Lachnospirales;f__Lachnospiraceae;g__Lachnospiraceae_NK4B4_group	0.0	0.0	0.0	0.0	0.0	0.0042800975464091975	0.0	0.0	0.0	0.0	0.0	0.0	0.0	0.0	0.0	0.0	0.0	0.0	0.0	0.0	0.0	0.0	0.0	0.0	0.0	0.0	0.0	0.0	0.0
d__Bacteria;p__Bacillota;c__Clostridia;o__Oscillospirales;f__Ruminococcaceae;g__Incertae_Sedis	0.00053156146179402	0.0	0.0015882379634251486	0.0	0.00012212994626282364	0.0	0.0	0.00010410702201863516	0.0	0.0	0.00032808398950131233	0.0	0.000784659898975038	0.0010538333186967594	0.00407640896809973	0.0002337540906965872	0.002703020331413797	0.0003578183305219036	0.001062351883631609	0.0026338109905807774	0.0	0.0	0.0	0.005885424082775642	0.0	9.838162231295194e-05	0.0031836696474554053	0.00019049433279359938	0.0
d__Bacteria;p__Bacillota;c__Bacilli;o__Izemoplasmatales;f__Incertae_Sedis;g__Incertae_Sedis	0.0	0.0010657572205051689	0.0	0.0	0.003378928513271454	0.0	0.0	0.0	0.0	0.0	0.0	0.0	0.0005884949242312785	0.0	0.0	0.0	0.0	0.0	0.0	0.0	0.0	0.002450354790954107	0.0	0.0006644833641843466	0.0	0.0	0.0	0.0	0.0
d__Bacteria;p__Bacteroidota;c__Bacteroidia;o__Bacteroidales;f__Marinifilaceae;g__Butyricimonas	0.0	0.0021315144410103378	0.0	0.00210896309314587	0.005740107474352711	0.0009456029462997064	0.0003073896471166851	0.0	0.002332871619158708	0.0	0.00032808398950131233	0.0005099179032175819	0.0008827423863469177	0.0015807499780451392	0.0010428022941650471	0.0	0.0	0.003527066400858764	0.0	0.0	0.0	0.0	0.001655785788627117	0.0009017988513930419	0.0	0.0009346254119730435	0.0001404560138583267	9.524716639679969e-05	0.0
d__Bacteria;p__Bacteroidota;c__Bacteroidia;o__Bacteroidales;f__Prevotellaceae;g__Paraprevotella	0.0	0.0037301502717680913	0.0	0.0	0.0	0.0	0.0	0.0	0.0	0.0	0.0	0.0	0.0	0.0	0.002275205005451012	0.0	0.0	0.0	0.0	0.0033927056827820186	0.0	0.0	0.0	0.0	0.0	0.0	0.0	0.0	0.0
d__Bacteria;p__Bacteroidota;c__Bacteroidia;o__Bacteroidales;f__Rikenellaceae;g__dgA-11_gut_group	0.0	0.0	0.0008621863230022235	0.0	0.0	0.0	0.0	0.0	0.0	0.0	0.00452755905511811	0.0	0.0	0.0	0.0	0.0	0.0	0.0	0.0	0.0	0.0	0.0	0.0	0.0	0.0	0.0	0.0	0.0	0.0
d__Bacteria;p__Bacillota;c__Bacilli;o__Lactobacillales;__;__	0.0	0.0	0.0	0.0	0.0	0.0	0.0	0.0	0.0	0.0	0.0	0.0	0.0	0.0	0.0	0.004032258064516129	0.0	0.0007156366610438072	0.0	0.0	0.0	0.0	0.0	0.0	0.0	0.0	0.0	0.0	0.0
d__Bacteria;p__Bacillota;c__Clostridia;o__Oscillospirales;f__Butyricicoccaceae;g__UCG-009	0.0030564784053156145	0.0003730150271768091	0.0009529427780550891	0.0	0.0	0.002040511620962524	0.0	0.0	0.0	0.0	0.0	0.0	9.808248737187975e-05	0.0	0.00023700052140114707	0.0	0.0	0.0	0.0006537550053117594	0.0	0.0	0.000663637755883404	0.0	0.0	0.0	0.0004919081115647597	0.0	0.0	0.0
d__Bacteria;p__Pseudomonadota;c__Gammaproteobacteria;o__Burkholderiales;f__Sutterellaceae;g__Parasutterella	0.0	0.0	0.0	0.0	0.0002849698746132552	0.0	0.0007377351530800443	0.0030191036385404197	0.0	0.0	0.0	0.0	0.0	0.0	0.0	0.0	0.0	0.003373715687777948	0.0	0.0	0.0	0.0	0.0	0.0	0.0	0.0	0.0	0.002190684827126393	0.0
d__Bacteria;p__Actinomycetota;c__Actinobacteria;o__Actinomycetales;f__Actinomycetaceae;g__Schaalia	8.859357696567e-05	0.0019716508579345625	0.00018151291010573128	0.0	0.0	0.0	0.0	0.0	0.0	0.0005578800557880056	0.0	0.002345622354800877	0.0	0.0008342847106349346	0.0	0.0	0.004230814431778117	0.0	0.0008171937566396993	0.0026338109905807774	0.005752135262332229	0.0008167849303180356	0.0	0.0	0.0015455031801700054	0.00014757243346942792	0.000936373425722178	0.0	0.0036410762774623548
d__Bacteria;p__Bacteroidota;c__Bacteroidia;o__Bacteroidales;f__Prevotellaceae;g__Prevotellaceae_Ga6A1_group	0.0	0.0	0.0	0.0	0.0026461488356945124	0.0	0.0	0.0	0.0	0.0	0.0	0.0	0.0	0.0	0.0	0.0	0.0	0.0	0.0	0.0	0.0	0.0	0.0	0.0	0.0	0.0	0.0	0.0	0.0
d__Bacteria;p__Bacillota;c__Clostridia;o__Peptostreptococcales-Tissierellales;f__Peptostreptococcaceae;__	0.0011074197120708748	0.0007460300543536182	0.00013613468257929844	0.00046865846514352667	0.001424849373066276	0.0	0.002028771670970122	0.0002602675550465879	0.0008019246190858059	0.0020223152022315204	0.0	0.0	0.000392329949487519	0.0010099235970843945	0.0031284068824951414	0.0	0.0	0.0	0.0	0.001785634569885273	0.007495206553948057	0.0004083924651590178	0.0	0.0	0.00011888486001307734	0.0008362437896600915	0.0007959174118638513	0.0	0.0
d__Bacteria;p__Bacillota;c__Clostridia;o__Lachnospirales;f__Lachnospiraceae;g__Lachnospiraceae_UCG-010	8.859357696567e-05	0.000479590749227326	0.0002722693651585969	0.0	0.0011398794984530207	0.0	0.0009836468707733923	0.0	0.0	0.0	0.00026246719160104987	0.0006628932741828566	0.0	0.0006586458241854747	0.000568801251362753	0.0	0.0	0.0	0.0016343875132793985	0.0004910495067184501	0.0	0.0	0.0019396347809631943	0.0	0.0	0.0	0.0005618240554333068	0.0029526621583007904	0.0
d__Bacteria;p__Bacillota;c__Bacilli;o__Erysipelotrichales;f__Erysipelatoclostridiaceae;g__Massiliomicrobiota	0.0	0.0	0.0	0.0	0.0004885197850512946	0.0	0.0	0.0	0.0	0.0009065550906555091	0.0	0.0	0.0	0.0	0.0	0.0	0.0	0.0	0.0	0.0	0.0	0.0	0.0011353959693443088	0.0007119464616260857	0.0	0.0	0.002809120277166534	0.0004286122487855986	0.0
d__Bacteria;p__Bacillota;c__Clostridia;o__Peptostreptococcales-Tissierellales;f__Anaerovoracaceae;g__Family_XIII_UCG-001	0.0025692137320044296	0.0018650751358840457	0.0	0.0009958992384299942	0.0006513597134017262	0.0	0.0004918234353866962	0.0	0.0	0.0	0.0	0.0	0.0	0.0009660138754720296	0.001374603024126653	0.0	0.0	0.0016357409395287021	0.0015526681376154287	0.0	0.0	0.0	0.0	0.0	0.002080485050228853	0.0011805794677554233	0.0011236481108666135	0.0	0.0
d__Bacteria;p__Bacillota;c__Bacilli;o__Erysipelotrichales;f__Erysipelotrichaceae;g__Incertae_Sedis	0.0	0.0030374080784397314	0.0002722693651585969	0.0	0.0	0.0	0.0	0.0	0.0	0.0	0.0003937007874015748	0.0	0.0	0.0	0.0	0.0	0.0	0.0	0.0	0.0	0.0	0.0	0.0	0.0	0.0	0.0	9.36373425722178e-05	0.0	0.0
d__Bacteria;p__Bacillota;c__Clostridia;o__Clostridiales;f__Clostridiaceae;__	0.0	0.0	0.0	0.00023432923257176333	0.0002035499104380394	9.953715224207435e-05	0.0	0.0	0.0	0.0	0.0	0.0	0.0	0.0	0.0	0.0	0.0030555882007286404	0.0	0.0	0.0	0.0	0.0	0.0	0.0025630072618539087	0.0	0.0	0.0	0.0	0.0
d__Bacteria;p__Cyanobacteriota;c__Vampirivibrionia;o__Gastranaerophilales;f__Gastranaerophilaceae;__	0.0	0.0	0.0	0.0	0.0	0.0	0.0	0.0	0.0	0.0	0.0	0.0001529753709652746	0.0	0.0	0.0	0.0	0.0	0.0	0.0	0.0	0.0	0.0	0.0	0.0025155441644121694	0.0	0.0003443356780953318	0.0	0.0	0.0
d__Bacteria;p__Bacillota;c__Clostridia;o__Oscillospirales;f__Ruminococcaceae;g__Ruthenibacterium	0.0022148394241417496	0.0017052115528082702	0.0	0.0	0.0	0.0	0.0	0.0	0.0	0.0	0.0	0.0	0.0	0.0	0.0	0.0	0.0	0.0	0.0	0.0	0.0	0.0	0.0	0.0	0.0	0.0	0.0	0.0	0.0
d__Bacteria;p__Bacillota;c__Clostridia;o__Lachnospirales;f__Lachnospiraceae;g__Lachnospiraceae_FCS020_group	0.0	0.0	0.0	0.0	0.0	0.0	0.0	0.0	0.0	0.0	0.0	0.0	0.0	0.0	0.0	0.0	0.0	0.0	0.0	0.0	0.0	0.0	0.0	0.0	0.0	0.002213586502041419	0.0	0.0	0.0
d__Bacteria;p__Bacillota;c__Clostridia;o__Peptococcales;f__Peptococcaceae;g__Incertae_Sedis	0.0004872646733111849	0.0037301502717680913	0.0	0.0	0.0013027194268034523	0.0	0.0	0.0	0.0	0.0	0.0003937007874015748	0.0	0.0	0.0	0.0	0.0	0.0	0.0	0.0	0.0	0.0	0.0006125886977385267	0.0	0.0008068726565095638	0.0	0.0020168232574155147	0.0	0.0	0.0
d__Bacteria;p__Bacillota;c__Clostridia;o__Oscillospirales;__;__	0.0	0.00010657572205051689	0.0	0.000351493848857645	0.0002442598925256473	0.001990743044841487	0.0	0.0	0.0	0.0	0.0007874015748031496	0.0	0.0	8.781944322472996e-05	9.480020856045883e-05	0.0001168770453482936	0.0	0.0002555845218013597	0.0	0.0	0.0	0.0	0.0	9.49261948834781e-05	0.0	0.00014757243346942792	0.0	0.0005238594151823983	0.0
d__Bacteria;p__Bacillota;c__Clostridia;o__Oscillospirales;f__Ruminococcaceae;g__Candidatus_Soleaferrea	0.000132890365448505	0.0	0.0014067250533194174	0.0	0.0	0.0015925944358731897	0.0	0.0	0.0	0.0	0.0024278215223097113	0.0	0.0	0.0	0.0	0.0	0.0	0.0	0.0	0.0	0.0	0.0	0.0	0.0013764298258104324	0.0	0.0	0.0	0.0016192018287455947	0.0
d__Bacteria;p__Bacillota;c__Clostridia;o__Peptostreptococcales-Tissierellales;f__Family_XI;g__Anaerococcus	0.000132890365448505	0.0	0.0	0.0	0.0	0.0	0.0	0.0	0.0	0.0	0.0	0.0	0.0	0.0	0.0	0.0	0.0	0.0	0.0	0.0	0.0001743071291615827	0.0	0.0005203898192828082	0.0	0.0	0.0	0.0016386534950138115	0.0	0.0
d__Bacteria;p__Pseudomonadota;c__Gammaproteobacteria;o__Enterobacterales;f__Enterobacteriaceae;g__Enterobacter	0.0	0.0	0.0	0.0	0.0	0.0	0.0	0.0	0.0	0.0	0.0	0.0	0.0	0.0	0.0	0.0	0.0	0.001737974748249246	0.0	0.0	0.0	0.0	0.0	0.0	0.0	0.0	0.0	0.0	0.0
d__Bacteria;p__Actinomycetota;c__Actinobacteria;o__Propionibacteriales;f__Nocardioidaceae;g__Nocardioides	0.0	0.0	0.0	0.0	0.0	0.0	0.0	0.0	0.002697382809652256	0.0	0.0	0.0	0.0	0.0	0.0	0.0	0.0	0.0	0.0	0.0	0.0	0.0	0.0	0.0	0.0	0.0	0.0	0.0	0.0
d__Bacteria;p__Bacillota;c__Clostridia;o__Peptostreptococcales-Tissierellales;f__Peptostreptococcaceae;g__Peptostreptococcus	0.0	0.0	0.0	0.0	0.0	0.0	0.0	0.0	0.0	0.0	0.0	0.0014277701290092296	0.0	0.0	0.0	0.0	0.0	0.0	0.0	0.0	0.0	0.0	0.0	0.0	0.0	0.0	0.0	0.0	0.0
d__Bacteria;p__Bacillota;c__Negativicutes;o__Veillonellales-Selenomonadales;f__Veillonellaceae;g__Megasphaera	0.0	0.0	0.0	0.0	0.0	0.0	0.0	0.0	0.00196836042866516	0.0	0.0	0.0	0.0	0.0	0.0	0.0001168770453482936	0.0	0.0	0.0	0.0	0.0	0.0	0.0	0.0	0.00011888486001307734	0.0	0.0	0.0	0.0
d__Bacteria;p__Bacillota;c__Clostridia;o__Peptococcales;f__Peptococcaceae;g__Peptococcus	0.000575858250276855	0.0	0.0	0.0	0.0	0.0007962972179365948	0.0	0.0	0.0	0.0	0.0	0.0	0.0	8.781944322472996e-05	0.0002844006256813765	0.0013440860215053765	0.0	0.0013801564177273425	0.0	0.00013392259274139549	0.0	0.0	0.0	0.0	0.0	0.0	0.0002340933564305445	0.0	0.0
d__Bacteria;p__Bacillota;c__Bacilli;o__RF39;f__Incertae_Sedis;g__Incertae_Sedis	0.000575858250276855	0.0002664393051262922	0.0	0.0	0.0010584595342778048	0.0	0.0	0.0	0.0	0.0	0.0	0.0001529753709652746	0.0	0.0	0.0	0.0	0.0	0.0	0.0	8.928172849426365e-05	0.0	0.0009188830466077901	0.0	0.00042716787697565144	0.0	0.0	0.0	0.0	0.0
d__Bacteria;p__Actinomycetota;c__Actinobacteria;o__Micrococcales;f__Micrococcaceae;g__Rothia	0.0	0.0	0.0	0.0	0.0	0.0	0.0	0.0	0.0	0.0013249651324965133	0.0	0.0	0.0	0.0	0.0	0.0005259467040673212	0.0030555882007286404	0.0	0.0	0.0	0.0	0.0	0.0	0.0	0.0	0.0	0.0011236481108666135	0.0	0.0015428289311281164
d__Bacteria;p__Actinomycetota;c__Coriobacteriia;o__Coriobacteriales;f__Coriobacteriales_Incertae_Sedis;g__Incertae_Sedis	0.0004872646733111849	0.0005861664712778429	0.0	0.0	0.001017749552190197	0.0	0.0	0.0	0.0	0.0	0.0	0.0009688440161134057	0.00044137119317345886	0.0007903749890225696	0.0	0.0	0.0	0.0	0.0	0.0	0.0	0.0	0.0	0.0	0.0	0.0	0.0	0.0	0.0
d__Bacteria;p__Actinomycetota;c__Coriobacteriia;o__Coriobacteriales;f__Eggerthellaceae;g__Gordonibacter	0.0	0.0	0.0	0.0	0.0	0.000547454337331409	0.0	0.0	0.0018225559524677408	0.0	0.0	0.0	0.0	0.0	0.0	0.0	0.0	0.0	0.0	0.0	0.0	0.0010209811628975446	0.0	0.0	0.0	0.0	0.0	0.0	0.0
d__Bacteria;p__Actinomycetota;c__Actinobacteria;o__Mycobacteriales;f__Corynebacteriaceae;g__Corynebacterium	0.0	0.0012256208035809442	0.0	0.0	0.0	0.0	0.0	0.00041642808807454065	0.0	0.0	0.0	0.0	0.0	0.0	0.0	0.0001168770453482936	0.0	0.0005111690436027194	0.0	0.0	0.0	0.0	0.0	0.0	0.0	0.0	0.0	0.0	0.0
d__Bacteria;p__Pseudomonadota;c__Gammaproteobacteria;o__Enterobacterales;f__Succinivibrionaceae;g__Ruminobacter	0.0	0.0	0.0	0.001347393087287639	0.0	0.0	0.0	0.0	0.0	0.0	0.0	0.0	0.0	0.0	0.0	0.0	0.0	0.0	0.0	0.0	0.0	0.0	0.0	0.0	0.0	0.0	0.0	0.0	0.0
d__Bacteria;p__Bacillota;c__Clostridia;o__Oscillospirales;f__Oscillospiraceae;__	0.00039867109634551497	0.0	0.0	0.0	8.141996417521577e-05	0.0008958343701786692	0.0	0.0011972307532143044	0.0	0.0	0.00026246719160104987	0.0	0.0002452062184296994	0.0006147361025731097	0.0003318007299616059	0.0001753155680224404	0.0018803619696791632	0.0012268057046465265	0.0018795456402713082	0.0	0.0	0.0	0.0	0.0	0.0	0.00019676324462590387	0.0	0.00019049433279359938	0.0
d__Bacteria;p__Bacillota;c__Bacilli;o__Staphylococcales;f__Staphylococcaceae;g__Staphylococcus	0.0	0.00021315144410103377	0.0	0.0	0.0	0.0	0.0	0.0	0.0	0.0	0.0	0.0	0.0010789073610906774	0.0	0.0	0.0	0.0	0.0	0.0	0.0	0.0	0.0	0.0	0.0	0.0	0.0	0.0	0.0	0.0
d__Bacteria;__;__;__;__;__	0.00124031007751938	0.0	9.075645505286564e-05	0.00011716461628588167	0.0	0.0	0.0	0.00010410702201863516	0.00036451119049354816	0.0	0.00032808398950131233	0.0005609096935393402	0.0	0.0001756388864494599	0.00018960041712091767	0.0	0.0	0.0	0.00016343875132793985	8.928172849426365e-05	0.0	0.0	9.46163307786924e-05	0.0	0.00023776972002615467	0.0	0.0	0.00014287074959519954	0.0
d__Bacteria;p__Bacillota;c__Clostridia;o__Peptostreptococcales-Tissierellales;f__Family_XI;g__Fenollaria	0.0	0.0011190450815304273	0.0	0.0	0.0	0.0	0.0	0.0	0.0	0.0	0.0	0.0	0.0	0.0	0.0	0.0	0.0	0.0	0.0	0.0	0.0	0.0	0.0	0.0	0.0	0.0004427173004082837	0.000936373425722178	0.0	0.0
d__Bacteria;p__Actinomycetota;c__Coriobacteriia;o__Coriobacteriales;f__Eggerthellaceae;__	0.0	0.0	0.0	0.0	0.0008549096238397655	0.0	0.0	0.0	0.0007290223809870963	0.0	0.0	0.0	0.0	0.0005708263809607447	0.0	0.0	0.0	0.0	0.0	0.0	0.0010458427749694963	0.0	0.0	0.0	0.00089163645009808	0.0	0.0	0.0	0.0
d__Bacteria;p__Actinomycetota;c__Actinobacteria;o__Micromonosporales;f__Micromonosporaceae;g__Actinoplanes	0.0	0.0	0.0	0.0	0.0	0.0	0.0	0.0	0.001385142523875483	0.0	0.0	0.0	0.0	0.0	0.0	0.0	0.0	0.0	0.0	0.0	0.0	0.0	0.0	0.0	0.0	0.0	0.0	0.0	0.0
d__Bacteria;p__Bacillota;c__Clostridia;o__Incertae_Sedis;f__Incertae_Sedis;g__Incertae_Sedis	0.0	0.0	0.0	0.0	0.0	0.0	0.0	0.0	0.0	0.0	0.0011811023622047244	0.0	0.0	0.0	0.0	0.0	0.0	0.0	0.0	0.0	0.0	0.0	0.0	0.0	0.0	0.00024595405578237985	0.0	0.0	0.0
d__Bacteria;p__Bacillota;c__Clostridia;o__Peptostreptococcales-Tissierellales;f__Family_XI;g__Peptoniphilus	0.0	0.0011190450815304273	0.0	0.0	0.0	0.0	0.0	0.0	0.00014580447619741925	0.0	0.0	0.0	0.000392329949487519	0.0	9.480020856045883e-05	0.0	0.0	0.0	0.0	0.0	0.0005229213874847481	0.0	0.0	0.0	0.0	0.0	0.0010768294395805047	0.0	0.0
d__Bacteria;p__Bacillota;c__Bacilli;o__Lactobacillales;f__Lactobacillaceae;g__Lactobacillus	0.0	0.0	0.0	0.0	0.0	0.0	0.0	0.0	0.0012393380476780637	0.0	0.0	0.0	0.0	0.0	0.0	0.0	0.0	0.0	0.0	0.0	0.0	0.00015314717443463169	0.0	0.0	0.0	0.0	0.0	0.0	0.0
d__Bacteria;p__Bacillota;c__Clostridia;o__Peptostreptococcales-Tissierellales;f__Family_XI;g__Finegoldia	0.0	0.0	0.0	0.0	0.0	0.0	0.0	0.0	0.0	0.0	0.0	0.0	0.0	0.0	0.0	0.0	0.0	0.0	0.0	0.0	0.0	0.0	0.0	0.0	0.0	0.0	0.0007959174118638513	0.0	0.0
d__Bacteria;p__Pseudomonadota;c__Gammaproteobacteria;o__Enterobacterales;__;__	0.00039867109634551497	0.0	0.0002722693651585969	0.0	0.0002442598925256473	0.0003981486089682974	0.0	0.0	0.00043741342859225776	0.0	0.0	0.0	0.00014712373105781962	0.0	0.0	0.0	0.0	0.0	0.00016343875132793985	0.0008035355564483728	0.0	0.0	0.0	0.0	0.0	0.0	0.0	9.524716639679969e-05	0.0
d__Bacteria;p__Bacillota;c__Clostridia;o__Oscillospirales;f__Ruminococcaceae;g__Hydrogenoanaerobacterium	8.859357696567e-05	0.0007993179153788767	0.0	0.0	0.0	0.0	0.0	0.0	0.0	0.0	0.0	0.0	0.0	0.0	0.0	0.0	0.0	0.0	0.0	0.0	0.0	0.0	0.0	0.0	0.0	0.0	0.0	0.0	0.0
d__Bacteria;p__Bacillota;c__Clostridia;o__Peptostreptococcales-Tissierellales;f__Anaerovoracaceae;g__S5-A14a	0.0	0.0007993179153788767	0.0	0.0	0.0	0.0	0.0	0.0	0.0	0.0	0.0	0.0	0.0	0.0	0.0	0.0	0.0	0.0	0.0	0.0	0.0	0.0	0.0	0.0	0.0	0.0	0.0	0.0	0.0
d__Bacteria;p__Pseudomonadota;c__Gammaproteobacteria;o__Enterobacterales;f__Pasteurellaceae;__	0.0	0.0	0.0	0.0	0.0	0.0	0.0	0.0	0.0010935335714806445	0.0	0.0	0.0	0.0	0.0	0.0	0.0	0.0	0.0	0.0	0.0	0.0	0.0	0.0	0.0	0.0	0.0	0.0	0.0	0.0
d__Bacteria;p__Actinomycetota;c__Actinobacteria;o__Bifidobacteriales;f__Bifidobacteriaceae;g__Incertae_Sedis	0.0	0.0	0.0	0.0	0.0	0.0	0.0	0.00010410702201863516	0.0	0.0	0.0	0.0	0.0	0.0	0.0	0.0	0.0	0.0	0.001225790634959549	0.0	0.0	0.0	0.0	0.0	0.0	0.0	0.0	0.0	0.0
d__Bacteria;p__Bacillota;c__Bacilli;o__Erysipelotrichales;f__Erysipelotrichaceae;g__Erysipelotrichaceae_UCG-006	0.000575858250276855	0.0	9.075645505286564e-05	0.0	0.0	0.0	0.0	0.0	0.0	0.0	0.0	0.0	0.0	0.0	0.0	0.0	0.0	0.0	0.0	0.0	0.0	0.00045944152330389506	0.0	0.0	0.0	0.0	0.0	0.0	0.0
d__Bacteria;p__Bacteroidota;c__Bacteroidia;o__Bacteroidales;f__Porphyromonadaceae;g__Porphyromonas	0.0	0.0012789086646062028	0.0	0.0	0.0	0.0	0.0	0.00010410702201863516	0.00014580447619741925	0.0	0.0	0.0	0.00014712373105781962	0.0	0.0	0.0	0.0	0.0	0.0	0.0	0.0	0.0	0.0	0.0	0.0	0.00039352648925180774	0.0	0.0	0.0
d__Bacteria;p__Bacillota;c__Bacilli;o__Bacillales;f__Bacillaceae;g__Peribacillus	0.0	0.0006927421933283598	0.0	0.0	0.0	0.0	0.0	0.0	0.0	0.0	0.0	0.0	0.0	0.0	0.0	0.0	0.0	0.0	0.0	0.0	0.0	0.0	0.0	0.0	0.0	0.0	0.0	0.0	0.0
d__Bacteria;p__Actinomycetota;c__Coriobacteriia;o__Coriobacteriales;f__Coriobacteriales_Incertae_Sedis;g__Raoultibacter	0.0	0.0	0.0	0.0	0.0	0.0	0.0	0.0	0.0	0.0	0.0	0.0	0.0	0.0	0.00042660093852206477	0.0	0.0	0.0	0.0	0.0006249720994598455	0.0	0.0	0.0	0.0	0.0	0.00019676324462590387	0.0	0.0	0.0
d__Bacteria;p__Bacillota;c__Clostridia;o__Lachnospirales;f__Lachnospiraceae;g__[Eubacterium]_oxidoreducens_group	0.00039867109634551497	0.00021315144410103377	0.0	0.0	0.0005292297671389024	0.0	0.0	0.00015616053302795274	0.0	0.0	0.00032808398950131233	0.0001019835806435164	0.0	0.0003512777728989198	9.480020856045883e-05	0.0	0.0	0.00040893523488217553	0.0	0.0006696129637069774	0.0	0.0002041962325795089	0.0	0.0003797047795339124	0.0	0.00014757243346942792	0.0	0.0	0.0
d__Bacteria;p__Actinomycetota;c__Actinobacteria;o__Bifidobacteriales;f__Bifidobacteriaceae;__	0.0	0.0	0.0	0.0	0.0	0.0	0.0005533013648100332	0.0	0.0008019246190858059	0.0	0.0	0.0	0.0	0.0	9.480020856045883e-05	0.0	0.0	0.0	0.00040859687831984963	0.0	0.0	0.0005104905814487723	0.0	0.0	0.0	0.0005902897338777117	0.0	0.0	0.0
d__Bacteria;p__Spirochaetota;c__Spirochaetia;o__Spirochaetales;f__Spirochaetaceae;g__Sphaerochaeta	0.00044296788482834997	0.0	0.0	0.0	0.0	0.0	0.0	0.0	0.0	0.0	0.0	0.0	0.0	0.0	0.0	0.0	0.0	0.0	0.0	0.0	0.0	0.0	0.0	0.0	0.0	0.0	0.0	0.0	0.0
d__Bacteria;p__Actinomycetota;c__Coriobacteriia;o__Coriobacteriales;__;__	0.0	0.0	0.0	0.00011716461628588167	0.0006106497313141182	0.0	0.0	0.0	0.0	0.0006276150627615063	0.0	0.0	0.0	0.0	0.0	0.0	0.0	0.0	0.0	0.0	0.0	0.0	0.0	0.0	0.0	0.0	0.0	0.0	0.0
d__Bacteria;p__Bacillota;c__Bacilli;o__Bacillales;f__Bacillaceae;__	0.0	0.0	0.0	0.0	0.0	0.0	0.0	0.0	0.0	0.0	0.0	0.0	0.0	0.0	0.0	0.0	0.0	0.0	0.0008171937566396993	8.928172849426365e-05	0.0	0.0	0.0	0.0	0.0	0.0	0.0	0.0	0.0
d__Bacteria;p__Bacillota;c__Clostridia;o__Lachnospirales;f__Defluviitaleaceae;g__Defluviitaleaceae_UCG-011	0.00039867109634551497	0.0	0.00022689113763216408	0.0	0.0	0.0	0.0	0.0	0.0	0.0	0.0	0.0	0.0	0.0	0.0	0.0	0.0	0.0	0.0	0.0	0.0	0.0	0.0	0.0	0.0	0.0	0.0	0.0	0.0
d__Bacteria;p__Bacillota;c__Clostridia;o__Peptostreptococcales-Tissierellales;f__Anaerovoracaceae;g__Incertae_Sedis	0.0	0.000479590749227326	0.0	0.0	8.141996417521577e-05	0.0	0.0	0.0	0.0	0.0	0.0	0.0	0.0	0.0	0.0	0.0	0.0	0.0	0.00016343875132793985	0.0	0.0	0.0	0.00023654082694673102	0.0	0.0	0.00019676324462590387	0.0	0.0	0.00012342631449024932
d__Bacteria;p__Actinomycetota;c__Actinobacteria;o__Actinomycetales;f__Actinomycetaceae;g__Mobiluncus	0.0	0.000479590749227326	0.0	0.0	0.0	0.0	0.0	0.0	0.0	0.0	0.0	0.0	0.0	0.0	0.0	0.0	0.0	0.0	0.0	0.0	0.0	0.0	0.0	0.0	0.0	0.0	0.0	0.0	0.0
d__Bacteria;p__Pseudomonadota;c__Alphaproteobacteria;o__Sphingomonadales;f__Sphingomonadaceae;__	0.0	0.0	0.0	0.0	0.0	0.0	0.0	0.0	0.0006561201428883867	0.0	0.0	0.0	0.0	0.0	0.0	0.0	0.0	0.0	0.0	0.0	0.0	0.0	0.0	0.0	0.0	0.0	0.0	0.0	0.0
d__Bacteria;p__Actinomycetota;c__Actinobacteria;o__Actinomycetales;f__Actinomycetaceae;g__Actinomyces	0.0	0.0	0.0	0.0	0.0	0.0	0.0	0.0	0.0	0.0	0.0	0.0	0.0	8.781944322472996e-05	0.0	0.0	0.0	0.00046005213924244745	0.0	0.0	0.0	0.0	0.0	0.0	0.0	0.0	0.0	0.0	0.0
d__Bacteria;p__Bacillota;c__Clostridia;o__Peptostreptococcales-Tissierellales;f__Family_XI;g__Ezakiella	0.0	0.0	0.0	0.0	0.0	0.0	0.0	0.0	0.0	0.0	0.0	0.0	0.0	0.0	9.480020856045883e-05	0.0	0.0	0.0	0.0	0.0	0.0	0.0	0.0	0.0	0.0	0.0	0.0004213680415749801	0.0	0.0
d__Bacteria;p__Actinomycetota;c__Actinobacteria;o__Micrococcales;f__Micrococcaceae;g__Glutamicibacter	0.0	0.00042630288820206754	0.0	0.0	0.0	0.0	0.0	0.0	0.0	0.0	0.0	0.0	0.0	0.0	0.0	0.0	0.0	0.0	0.0	0.0	0.0	0.0	0.0	0.0	0.0	0.0	0.0	0.0	0.0
d__Bacteria;p__Bacillota;c__Clostridia;o__Oscillospirales;f__Butyricicoccaceae;__	0.0	0.0	0.0	0.0	0.0002849698746132552	0.0	0.0	0.0	0.0	0.0	0.00013123359580052493	0.0	0.0	0.0	0.0	0.0	0.0	0.0	0.0	0.0	0.0	0.0	0.0	0.0	0.0	0.0	0.0	0.0	0.0
d__Archaea;__;__;__;__;__	0.0	0.0	0.0	0.0	0.0	0.0	0.0	0.0	0.0	0.0	0.0	0.0	0.0	0.0	0.0	0.0	0.0	0.0	0.0	0.0	0.0006100749520655395	0.0	0.0	0.0	0.0	0.0	0.0	0.0	0.0
d__Bacteria;p__Bacillota;c__Clostridia;o__Oscillospirales;f__UCG-011;g__Incertae_Sedis	0.00017718715393134	0.0	0.0	0.0	0.0	0.0	0.0	0.0	0.0	0.0	0.0	0.0	0.0	0.0	0.0	0.0	0.0	0.0	0.0	0.0	0.0	0.00025524529072438616	0.0	0.0	0.0004160970100457707	0.0	0.0	0.0	0.0
d__Bacteria;p__Bacillota;c__Bacilli;o__Erysipelotrichales;f__Erysipelotrichaceae;g__Holdemania	0.0	0.0003197271661515507	0.0	0.0	0.0	0.0	0.0	0.0	0.0	0.0	0.0	0.0	0.0	0.0	0.0	0.0	0.0	0.00020446761744108777	0.0	0.0	0.0	0.0	0.0	0.0	0.0	0.0	0.0	0.0	0.0
d__Bacteria;p__Bacillota;__;__;__;__	0.0	0.00015986358307577535	0.0	0.0	0.0	0.0	0.0	0.0	0.00043741342859225776	0.0	0.00013123359580052493	0.00025495895160879096	0.0	0.0	0.0	0.0	0.0003525678693148431	0.0	0.0	8.928172849426365e-05	0.0	0.0	0.0	0.0	0.0	0.00014757243346942792	0.0002809120277166534	0.0	0.0
d__Bacteria;p__Pseudomonadota;c__Alphaproteobacteria;o__Hyphomicrobiales;f__Xanthobacteraceae;g__Incertae_Sedis	0.0	0.0	0.0	0.0	0.0	0.0	0.0	0.0	0.00043741342859225776	0.0	0.0	0.0	0.0	0.0	0.0	0.0	0.0	0.0	0.0	0.0	0.0	0.0	0.0	0.0	0.0	0.0	0.0	0.0	0.0
d__Bacteria;p__Pseudomonadota;c__Gammaproteobacteria;o__Enterobacterales;f__Succinivibrionaceae;g__Incertae_Sedis	4.4296788482835e-05	0.0	0.00031764759268502975	0.0	0.0	0.0	0.0	0.0	0.0	0.0	0.0	0.0	0.0	0.0	0.0	0.0	0.0	0.0	0.0	0.0	0.0	0.0	0.0	0.0	0.0	0.0	0.0	0.0	0.0
d__Bacteria;p__Actinomycetota;c__Actinobacteria;o__Micrococcales;f__Intrasporangiaceae;__	0.0	0.0	0.0	0.0	0.0	0.0	0.0	0.0	0.00036451119049354816	0.0	0.0	0.0	0.0	0.0	0.0	0.0001168770453482936	0.0	0.0	0.0	0.0	0.0	0.0	0.0	0.0	0.0	0.0	0.0	0.0	0.0
d__Bacteria;p__Gemmatimonadota;c__Gemmatimonadia;o__Gemmatimonadales;f__Gemmatimonadaceae;__	0.0	0.0	0.0	0.0	0.0	0.0	0.0	0.0	0.00036451119049354816	0.0	0.0	0.0	0.0	0.0	0.0	0.0	0.0	0.0	0.0	0.0	0.0	0.0	0.0	0.0	0.0	0.0	0.0	0.0	0.0
d__Bacteria;p__Bacillota;c__Clostridia;o__Oscillospirales;f__Ruminococcaceae;g__Caproiciproducens	0.0	0.0	0.0	0.0	0.0	0.0	0.0	0.0	0.0	0.0	0.00032808398950131233	0.0	0.0	0.0	0.00023700052140114707	0.0	0.0	0.0	0.0	0.0	0.0	0.0	0.0	0.0	0.0	0.0	0.0	0.0	0.0
d__Bacteria;p__Bacillota;c__Bacilli;o__Staphylococcales;f__Gemellaceae;g__Gemella	0.0	0.0	0.0	0.0	0.0	0.0	0.0	0.00010410702201863516	0.0	0.0	0.0	0.0	0.0	0.0	0.0	0.0001753155680224404	0.0	0.0	0.0	0.0	0.0	0.0	0.0	0.0	0.00029721215003269334	0.0	0.0	0.0	0.0
d__Bacteria;p__Pseudomonadota;c__Gammaproteobacteria;o__Enterobacterales;f__Succinivibrionaceae;__	0.0	0.0	0.0	0.0	0.0	0.0	0.0	0.0	0.0	0.0	0.0	0.0	0.0	0.0	0.00014220031284068824	0.0	0.0	0.0	0.0	0.0	0.0	0.0	0.0	0.0	0.0	0.0	0.0	0.00023811791599199925	0.0
d__Bacteria;p__Bacillota;c__Clostridia;o__Oscillospirales;f__Oscillospiraceae;g__Fastidiosipila	0.0	0.00021315144410103377	0.0	0.0	0.0	0.0	0.0	0.0	0.0	0.0	0.0	0.0	0.0	0.0	0.0	0.0	0.0	0.0	0.0	0.0	0.0	0.0	0.0	0.0	0.0	0.0	0.0	0.0	0.0
d__Bacteria;p__Verrucomicrobiota;c__Verrucomicrobiia;o__Opitutales;f__Puniceicoccaceae;g__Incertae_Sedis	0.0	0.0	0.0	0.0	0.00016283992835043154	0.0	0.0	0.0	0.0	0.0	0.0	0.0	0.0	0.0	0.0	0.0	0.0	0.0	0.0	0.0	0.0	0.0	0.0	0.0	0.0	0.0	0.0	0.0	0.0
d__Bacteria;p__Pseudomonadota;c__Gammaproteobacteria;o__Pseudomonadales;f__Moraxellaceae;g__Acinetobacter	0.0	0.0002664393051262922	0.0	0.0	0.00016283992835043154	0.0	0.0	0.0	0.0	0.0	0.0	0.0	0.0	0.0	0.0	0.0	0.0	0.0	0.0	0.0	0.0	0.0	0.0	0.0	0.0	0.0	0.0	0.0	0.0
d__Bacteria;p__Pseudomonadota;c__Alphaproteobacteria;o__Hyphomicrobiales;f__Hyphomicrobiales_Incertae_Sedis;g__Nordella	0.0	0.0	0.0	0.0	0.0	0.0	0.0	0.0	0.0002916089523948385	0.0	0.0	0.0	0.0	0.0	0.0	0.0	0.0	0.0	0.0	0.0	0.0	0.0	0.0	0.0	0.0	0.0	0.0	0.0	0.0
d__Bacteria;p__Bacillota;c__Clostridia;o__Lachnospirales;f__Lachnospiraceae;g__Lachnospiraceae_NC2004_group	0.000132890365448505	0.00010657572205051689	0.0	0.0	0.0	0.0	0.0	0.0	0.0	0.0	0.0	0.0	0.0	0.0001756388864494599	9.480020856045883e-05	0.0	0.0	0.0	0.0	0.0	0.0	0.0	0.0	0.0	0.0	0.0	0.0	0.0	0.0
d__Bacteria;p__Bacillota;c__Bacilli;o__Bacillales;f__Bacillaceae;g__Bacillus	0.0	0.0	0.0	0.0	0.0	0.0	0.0	0.0	0.0	0.0	0.0	0.0	0.0	0.0	0.0	0.0	0.0	0.00020446761744108777	0.0	0.0	0.0	0.0	0.0	0.0	0.0	0.0	0.0	0.0	0.0
d__Bacteria;p__Pseudomonadota;c__Gammaproteobacteria;o__Burkholderiales;f__Sutterellaceae;g__Incertae_Sedis	0.0	0.0	0.0	0.0	0.0	0.0	0.0	0.0	0.0	0.0	0.0	0.0	0.0	0.0	0.0	0.0	0.0	0.00020446761744108777	0.0	0.0	0.0	0.0	0.0	0.0	0.0	0.0	0.0	0.0	0.0
d__Bacteria;p__Patescibacteria;c__Saccharimonadia;o__Saccharimonadales;f__Saccharimonadaceae;g__Incertae_Sedis	0.0	0.0	0.0	0.0	0.0	0.0	0.0	0.0	0.0	0.0	0.0	0.0	0.0	0.0	0.0	0.0	0.0	0.0	0.0	0.0	0.0003486142583231654	0.0	0.0	0.0	0.0	0.0	0.0	0.0	0.0
d__Bacteria;p__Pseudomonadota;c__Gammaproteobacteria;o__Burkholderiales;f__Oxalobacteraceae;g__Paraherbaspirillum	0.0	0.0	0.00013613468257929844	0.0	0.0	0.0	0.0	0.0	0.0	0.0	0.0	0.0	0.0	0.0	0.0	0.0	0.0	0.0	0.0	0.0	0.0	0.0	0.0	0.0	0.0	0.0	0.0	0.0	0.0
d__Bacteria;p__Bacillota;c__Clostridia;o__Lachnospirales;__;__	0.0	0.0	0.0002722693651585969	0.0001757469244288225	0.0	0.0	0.0	0.0	0.0	0.0	0.0	0.0	0.0	0.00013172916483709493	0.0	0.0	0.0	0.0	0.0	0.0	0.0	0.0	0.0	0.0	0.0	0.0	0.0	0.0	0.0
d__Bacteria;p__Pseudomonadota;c__Gammaproteobacteria;__;__;__	0.0	0.0	0.0	0.0001757469244288225	0.0	0.0	0.0	0.0	0.0	0.0	0.0	0.0	0.0	0.0	0.0	0.0	0.0	0.00010223380872054388	0.0	0.0	0.0	0.0	0.0	0.0	0.0	0.0	0.0	0.00014287074959519954	0.0
d__Bacteria;p__Bacillota;c__Clostridia;o__Oscillospirales;f__Oscillospiraceae;g__Incertae_Sedis	0.0	0.0	9.075645505286564e-05	0.0	0.0	0.00014930572836311154	0.0	0.0	0.0	0.0	0.0	0.0001019835806435164	0.0	0.0	0.0	0.0	0.0	0.0	0.0	0.0	0.0	0.0	0.0	0.0	0.0	0.0	0.0	0.0	0.0
d__Bacteria;p__Pseudomonadota;c__Gammaproteobacteria;o__Enterobacterales;f__Pasteurellaceae;g__Conservatibacter	0.0	0.0	0.0	0.0	0.0	0.0	0.0005533013648100332	0.0	0.0	0.0	0.0	0.0	0.0	8.781944322472996e-05	0.0	0.0	0.0	0.0	0.0	0.0	0.0	0.0	0.0	0.0	0.0	0.0	0.0	0.0	0.0
d__Bacteria;p__Pseudomonadota;c__Gammaproteobacteria;o__Rickettsiellales;f__Rickettsiellaceae;g__Incertae_Sedis	0.0	0.0	0.0	0.0	0.0	0.0	0.0	0.0	0.00021870671429612888	0.0	0.0	0.0	0.0	0.0	0.0	0.0	0.0	0.0	0.0	0.0	0.0	0.0	0.0	0.0	0.0	0.0	0.0	0.0	0.0
d__Bacteria;p__Actinomycetota;c__Acidimicrobiia;o__Microtrichales;f__Iamiaceae;g__Aquihabitans	0.0	0.0	0.0	0.0	0.0	0.0	0.0	0.0	0.00021870671429612888	0.0	0.0	0.0	0.0	0.0	0.0	0.0	0.0	0.0	0.0	0.0	0.0	0.0	0.0	0.0	0.0	0.0	0.0	0.0	0.0
d__Bacteria;p__Acidobacteriota;c__Blastocatellia;o__Blastocatellales;f__Blastocatellaceae;__	0.0	0.0	0.0	0.0	0.0	0.0	0.0	0.0	0.00021870671429612888	0.0	0.0	0.0	0.0	0.0	0.0	0.0	0.0	0.0	0.0	0.0	0.0	0.0	0.0	0.0	0.0	0.0	0.0	0.0	0.0
d__Bacteria;p__Bacillota;c__Bacilli;o__Erysipelotrichales;f__Erysipelatoclostridiaceae;g__UCG-004	0.0	0.0	0.0	0.0	0.0	0.0	0.0	0.0	0.00014580447619741925	0.0	0.00032808398950131233	0.0	0.00014712373105781962	0.0	0.0	0.0001168770453482936	0.0	0.0	0.0	0.0	0.0	0.00010209811628975445	0.0	0.0	0.0	0.0	0.0	0.0	0.0
d__Bacteria;p__Actinomycetota;c__Actinobacteria;o__Actinomycetales;f__Actinomycetaceae;g__F0332	0.0	0.0	0.0	0.0	0.0	0.0	0.0	0.0	0.0	0.0	0.0	0.0	0.0	0.0	0.00014220031284068824	0.0	0.0	0.0	0.0	0.0	0.0	0.0	0.0	0.0	0.0	0.0	0.0	0.0	0.00018513947173537398
d__Bacteria;p__Bacillota;c__Bacilli;o__Lactobacillales;f__Enterococcaceae;__	0.0	0.0	0.0	0.0	0.0	0.0	0.0	0.0	0.0	0.0	0.0	0.0	0.0	0.0	0.0	0.0	0.0003525678693148431	0.0	0.0	0.0	0.0	0.0	0.0	0.0	0.0	0.0	9.36373425722178e-05	0.0	0.0
d__Bacteria;p__Pseudomonadota;c__Gammaproteobacteria;o__Burkholderiales;f__Neisseriaceae;g__Neisseria	0.0	0.0	0.0	0.0	0.0	0.0	0.0	0.0	0.0	0.0	0.0	0.0	0.0	0.0	0.0	0.0	0.0003525678693148431	0.0	0.0	0.0	0.0	0.0	0.0	0.0	0.0	0.0	0.0	0.0	0.0
d__Bacteria;p__Actinomycetota;c__Actinobacteria;o__Frankiales;f__Geodermatophilaceae;g__Blastococcus	0.0	0.0	0.0	0.0	0.0	0.0	0.0	0.0	0.0	0.0	0.0	0.0	0.0	0.0	0.0	0.0	0.0	0.0	0.00024515812699190976	0.0	0.0	0.0	0.0	0.0	0.0	0.0	0.0	0.0	0.0
d__Bacteria;p__Myxococcota;c__Polyangiia;o__Polyangiales;f__BIrii41;g__Incertae_Sedis	0.0	0.0	0.0	0.0	0.0	0.0	0.0	0.0	0.0	0.0	0.0	0.0	0.0	0.0	0.0	0.0	0.0	0.0	0.0	0.0	0.0	0.0	0.0	0.0	0.000178327290019616	0.0	0.0	0.0	0.0
d__Bacteria;p__Bacteroidota;c__Bacteroidia;__;__;__	0.0	0.00010657572205051689	0.0	0.0	0.0	0.0	0.0	0.0	0.0	0.0	0.0	0.0	0.0	0.0	0.0	0.0	0.0	0.0	0.0	0.0	0.0	0.0	0.0	0.0	0.000178327290019616	0.0	0.0	0.0	0.0
d__Bacteria;p__Bacillota;c__Clostridia;o__Peptostreptococcales-Tissierellales;__;__	0.0	5.328786102525844e-05	0.0	0.0	0.0	0.0	0.0	0.0	7.290223809870963e-05	0.0	0.0	0.0	0.0	0.0	9.480020856045883e-05	0.0	0.0	0.0	0.0	0.0	0.0	5.1049058144877224e-05	0.0	0.0	0.0	0.00014757243346942792	0.0	0.0	0.0
d__Bacteria;p__Bacillota;c__Bacilli;o__Bacillales;f__Planococcaceae;__	0.0	0.0	0.0	0.0	0.0	0.0	0.0	0.0	0.0	0.0	0.0	0.0	0.0	0.0	0.0	0.0	0.0	0.0	0.0	0.0	0.0	0.0	0.0	0.0	0.0	0.0	0.0002340933564305445	0.0	0.0
d__Bacteria;p__Bacillota;c__Clostridia;o__Oscillospirales;f__Ruminococcaceae;g__Angelakisella	8.859357696567e-05	0.0	0.0	0.0	0.0	0.0	0.0	0.0	0.0	0.0	0.0	0.0	0.0	0.0	0.0	0.0	0.0	0.0	0.0	0.0	0.0	0.0	0.0	0.0	0.0	0.0	0.0	0.0	0.0
d__Bacteria;p__Bacteroidota;c__Bacteroidia;o__Bacteroidales;f__Rikenellaceae;__	8.859357696567e-05	0.0	0.0	0.0	0.0	0.0	0.0	0.0	0.0	0.0	0.0	0.0	0.0	0.0	0.0	0.0	0.0	0.0	0.0	0.0	0.0	0.0	0.0	0.0	0.0	0.0	0.0	0.0	0.0
d__Bacteria;p__Bacillota;c__Clostridia;o__Peptostreptococcales-Tissierellales;f__Family_XI;g__Parvimonas	8.859357696567e-05	0.0	0.0	0.0	0.0	0.0	0.0	0.0	0.0	0.0	0.0	0.0	0.0	0.0	0.0	0.0	0.0	0.00010223380872054388	0.0	0.0	0.0	0.0	0.0	0.0	0.0	0.0	0.0	0.0	0.0
d__Bacteria;p__Bacillota;c__Clostridia;o__Oscillospirales;f__Ruminococcaceae;g__Anaerotruncus	0.0	0.00010657572205051689	0.0	0.0	0.0	0.0	0.0	0.0	0.0	0.0	0.0	0.0	0.0	0.0	0.0	0.0	0.0	0.0	0.0	0.0	0.0	0.0	0.0	0.0	0.0	0.0	0.0	0.0	0.0
d__Bacteria;p__Fusobacteriota;c__Fusobacteriia;o__Fusobacteriales;f__Leptotrichiaceae;g__Sneathia	0.0	0.00010657572205051689	0.0	0.0	0.0	0.0	0.0	0.0	0.0	0.0	0.0	0.0	0.0	0.0	0.0	0.0	0.0	0.0	0.0	0.0	0.0	0.0	0.0	0.0	0.0	0.0	0.0	0.0	0.0
d__Bacteria;p__Pseudomonadota;c__Gammaproteobacteria;o__Burkholderiales;f__Oxalobacteraceae;__	0.0	0.0	0.0	0.00011716461628588167	0.0	0.0	0.0	0.0	0.0	0.0	0.0	0.0	0.0	0.0	9.480020856045883e-05	0.0	0.0	0.0	0.0	0.0	0.0	0.00010209811628975445	0.0	0.0	0.0	0.0	0.0	0.0	0.0
d__Bacteria;p__Myxococcota;c__Myxococcia;o__Myxococcales;f__Myxococcaceae;__	0.0	0.0	0.0	0.0	0.0	0.0	0.0	0.0	0.00014580447619741925	0.0	0.0	0.0	0.0	0.0	0.0	0.0	0.0	0.0	0.0	0.0	0.0	0.0	0.0	0.0	0.0	0.0	0.0	0.0	0.0
d__Bacteria;p__Actinomycetota;c__MB-A2-108;o__Incertae_Sedis;f__Incertae_Sedis;g__Incertae_Sedis	0.0	0.0	0.0	0.0	0.0	0.0	0.0	0.0	0.00014580447619741925	0.0	0.0	0.0	0.0	0.0	0.0	0.0	0.0	0.0	0.0	0.0	0.0	0.0	0.0	0.0	0.0	0.0	0.0	0.0	0.0
d__Bacteria;p__Acidobacteriota;c__Vicinamibacteria;o__Vicinamibacterales;f__Vicinamibacteraceae;g__Incertae_Sedis	0.0	0.0	0.0	0.0	0.0	0.0	0.0	0.0	0.00014580447619741925	0.0	0.0	0.0	0.0	0.0	0.0	0.0	0.0	0.0	0.0	0.0	0.0	0.0	0.0	0.0	0.0	0.0	0.0	0.0	0.0
d__Bacteria;p__Chloroflexota;c__Anaerolineae;o__RBG-13-54-9;f__Incertae_Sedis;g__Incertae_Sedis	0.0	0.0	0.0	0.0	0.0	0.0	0.0	0.0	0.00014580447619741925	0.0	0.0	0.0	0.0	0.0	0.0	0.0	0.0	0.0	0.0	0.0	0.0	0.0	0.0	0.0	0.0	0.0	0.0	0.0	0.0
d__Bacteria;p__Pseudomonadota;c__Gammaproteobacteria;o__Burkholderiales;__;__	0.0	0.0	0.0	0.0	0.0	0.0	0.0	0.0	0.00014580447619741925	0.0	0.0	0.0	0.0	0.0	0.0	0.0	0.0	0.0	0.0	0.0	0.0001743071291615827	0.0	0.0	0.0	0.0	0.0	0.0	0.0	0.0
d__Bacteria;p__Actinomycetota;c__Acidimicrobiia;o__Microtrichales;f__Ilumatobacteraceae;g__Incertae_Sedis	0.0	0.0	0.0	0.0	0.0	0.0	0.0	0.0	0.00014580447619741925	0.0	0.0	0.0	0.0	0.0	0.0	0.0	0.0	0.0	0.0	0.0	0.0	0.0	0.0	0.0	0.0	0.0	0.0	0.0	0.0
d__Bacteria;p__Patescibacteria;c__Saccharimonadia;o__Saccharimonadales;__;__	0.0	0.0	0.0	0.0	0.0	0.0	0.0	0.0	0.0	0.0	0.0	0.0001019835806435164	0.0	0.0	0.0	0.0	0.0	0.0	0.0	0.0	0.0	0.0	0.0	0.0	0.0	0.0	0.0	0.0	0.0
d__Bacteria;p__Verrucomicrobiota;c__Lentisphaeria;o__Victivallales;f__vadinBE97;g__Incertae_Sedis	0.0	0.0	0.0	0.0	0.0	0.0	0.0	0.0	0.0	0.0	0.0	0.0	0.0	0.0	9.480020856045883e-05	0.0	0.0	0.0	0.00016343875132793985	0.0	0.0	0.0	0.0	0.0	0.0	0.0	0.0	0.0	0.0
d__Bacteria;p__Patescibacteria;c__Saccharimonadia;o__Saccharimonadales;f__Incertae_Sedis;g__Incertae_Sedis	0.0	0.0	0.0	0.0	0.0	0.0	0.0	0.0	0.0	0.0	0.0	0.0	0.0	0.0	0.0	0.0001168770453482936	0.0	0.0	0.0	0.0	0.0001743071291615827	0.0	0.0	0.0	0.0	0.0	0.0	0.0	0.0
d__Bacteria;p__Bacillota;c__Bacilli;o__Erysipelotrichales;f__Erysipelatoclostridiaceae;__	0.0	0.0	0.0	0.0	0.0	0.0	0.0	0.0	0.0	0.0	0.0	0.0	0.0	0.0	0.0	0.0	0.0	0.00010223380872054388	0.0	0.0	0.0	0.0	0.0	0.0	0.0	0.0	0.0	0.0	0.0
d__Bacteria;p__Bacillota;c__Clostridia;o__Peptostreptococcales-Tissierellales;f__Anaerovoracaceae;g__[Eubacterium]_brachy_group	0.0	0.0	0.0	0.0	0.0	0.0	0.0	0.0	0.0	0.0	0.0	0.0	0.0	0.0	0.0	0.0	0.0	0.0	0.0	0.0	0.0	0.00010209811628975445	0.0	0.0	0.0	0.0	0.0	0.0	0.0
d__Bacteria;p__Spirochaetota;c__Spirochaetia;o__Spirochaetales;f__Spirochaetaceae;__	0.0	0.0	0.0	0.0	0.0	0.0	0.0	0.0	0.0	0.0	0.0	0.0	0.0	0.0	0.0	0.0	0.0	0.0	0.0	0.0	0.0	0.0	0.0	9.49261948834781e-05	0.0	0.0	0.0	0.0	0.0
d__Bacteria;p__Bacillota;c__Clostridia;o__Oscillospirales;f__Oscillospiraceae;g__Papillibacter	0.0	0.0	0.0	0.0	0.0	0.0	0.0	0.0	0.0	0.0	0.0	0.0	0.0	0.0	0.0	0.0	0.0	0.0	0.0	0.0	0.0	0.0	0.0	9.49261948834781e-05	0.0	0.0	0.0	0.0	0.0
d__Bacteria;p__Bacillota;c__Clostridia;o__Oscillospirales;f__Oscillospiraceae;g__Flavonifractor	0.0	0.0	0.0	0.0	0.0	0.0	0.0	0.0	0.0	0.0	0.0	0.0	0.0	0.0	0.0	0.0	0.0	0.0	0.0	0.0	0.0	0.0	0.0	0.0	0.00011888486001307734	0.0	0.0	0.0	0.0
d__Bacteria;p__Pseudomonadota;c__Gammaproteobacteria;o__Gammaproteobacteria_Incertae_Sedis;f__Unknown_Family;g__Acidibacter	0.0	0.0	0.0	0.0	0.0	0.0	0.0	0.0	0.0	0.0	0.0	0.0	0.0	0.0	0.0	0.0	0.0	0.0	0.0	0.0	0.0	0.0	0.0	0.0	0.00011888486001307734	0.0	0.0	0.0	0.0
d__Bacteria;p__Bacillota;c__Bacilli;o__Erysipelotrichales;f__Erysipelatoclostridiaceae;g__Asteroleplasma	0.0	0.0	0.0	0.0	0.0	0.0	0.0	0.0	0.0	0.0	0.0	0.0	0.0	0.0	0.0	0.0	0.0	0.0	0.0	0.0	0.0	0.0	0.0	0.0	0.0	9.838162231295194e-05	0.0	0.0	0.0